reference,title,communes,insee,dossier_url
IA00060884,usine d'ouvrages en amiante,Saint-Pierre-du-Regard,61447,https://inventaire-patrimoine.normandie.fr/dossier/e6892b25-22e4-4cbb-9c3e-434cee671418
IA00060885,centrale hydroélectrique,Saint-Philbert-sur-Orne,61444,https://inventaire-patrimoine.normandie.fr/dossier/268e9a4a-9d0b-4bf3-88ab-be2766dc5881
IA00060886,scierie de Saint-Evroult,Saint-Evroult-Notre-Dame-du-Bois,61386,https://inventaire-patrimoine.normandie.fr/dossier/ac551034-af77-49ae-b783-93b8082f3fb2
IA00060887,"moulin à papier, filature",Tinchebray,61486,https://inventaire-patrimoine.normandie.fr/dossier/3be4c4e6-81b3-4b00-a5be-29bf694da658
IA00060888,"moulin à blé, filature",Ségrie-Fontaine,61465,https://inventaire-patrimoine.normandie.fr/dossier/50d0c504-09b6-4aa5-abae-0706d3f6be25
IA00060889,usine de construction mécanique dite usine de Construction Mécanique Cousin,Saint-Georges-des-Groseillers,61391,https://inventaire-patrimoine.normandie.fr/dossier/e8e4afcd-ec77-4268-afba-aa8cb7d4583b
IA00060890,fromagerie industrielle,Saint-Evroult-Notre-Dame-du-Bois,61386,https://inventaire-patrimoine.normandie.fr/dossier/72c7db66-5725-450c-9b6a-9affb002f377
IA00060891,fromagerie industrielle,Serans,61470,https://inventaire-patrimoine.normandie.fr/dossier/5d4cbd4e-f48d-46f7-bde7-1dc67f5b7136
IA00060892,filature de coton,Ménil-Hubert-sur-Orne,61269,https://inventaire-patrimoine.normandie.fr/dossier/56f6086f-45f4-4898-a92d-01c3877e751a
IA00060893,filature de coton,Cahan,61069,https://inventaire-patrimoine.normandie.fr/dossier/5087b98c-261c-4355-949d-915acf578073
IA00060894,"haut fourneau, moulin à farine",Dompierre,61146,https://inventaire-patrimoine.normandie.fr/dossier/4edf53a2-97b8-4ddb-bc74-18ebf307945a
IA00060895,fonderie,Argentan,61006,https://inventaire-patrimoine.normandie.fr/dossier/cfe24f63-71ef-4ba1-9c54-a8f47cdc51cc
IA00060896,"filature, usine de chaussures",Cahan,61069,https://inventaire-patrimoine.normandie.fr/dossier/2e06c2e8-40c1-4f29-8de0-d56110552b0b
IA00060897,filature de coton,Caligny,61070,https://inventaire-patrimoine.normandie.fr/dossier/f3368b75-9c61-4871-9b09-73048c1f8120
IA00060898,"usine de confection, usine de matériel électroménager, usine de matériel électroacoustique",Flers,61169,https://inventaire-patrimoine.normandie.fr/dossier/79bd4669-a6e8-40cf-ad76-442679321b9b
IA00060899,haut fourneau,Rânes,61344,https://inventaire-patrimoine.normandie.fr/dossier/241fb84d-5d76-4ec3-9868-368485c43bbc
IA00060900,filature de coton,Saint-Pierre-d'Entremont,61445,https://inventaire-patrimoine.normandie.fr/dossier/1569a5fc-5af9-4ced-9967-4c507de2414e
IA00060901,affinerie de fer,Rânes,61344,https://inventaire-patrimoine.normandie.fr/dossier/ffc46dae-bb00-47c6-bc9b-e0e9a3106f5a
IA00060902,"filature, fromagerie industrielle",Berjou,61044,https://inventaire-patrimoine.normandie.fr/dossier/0b920d52-7d2d-4bee-9310-ee086b212b57
IA00060903,filature de coton,Caligny,61070,https://inventaire-patrimoine.normandie.fr/dossier/77493c8a-f023-4733-a897-c7b181593906
IA00060904,filature de coton,Montilly-sur-Noireau,61287,https://inventaire-patrimoine.normandie.fr/dossier/8f5adc8f-f62b-4153-b407-4f9db4819abd
IA00060905,"fromagerie industrielle, laiterie industrielle",Saint-Bômer-les-Forges,61369,https://inventaire-patrimoine.normandie.fr/dossier/701a31af-9c2b-4a7f-b63c-f257d2bec47c
IA00060906,filature de coton,Montilly-sur-Noireau,61287,https://inventaire-patrimoine.normandie.fr/dossier/40520c19-0185-4170-a307-c66e361acc90
IA00060907,usine de confection,Flers,61169,https://inventaire-patrimoine.normandie.fr/dossier/b03e3c23-feab-4456-bf5c-3902b8bb7488
IA00060908,mine de fer,Larchamp,61223,https://inventaire-patrimoine.normandie.fr/dossier/a1d924c9-c295-4064-b100-b839b80a90d4
IA00060909,"distillerie, cidrerie, laiterie industrielle",Gacé,61181,https://inventaire-patrimoine.normandie.fr/dossier/e0e8ddd7-0a8d-420a-b2a0-c7b36a58eb43
IA00060910,tissage,Flers,61169,https://inventaire-patrimoine.normandie.fr/dossier/286f0f4f-857e-4449-9e35-4c21e914bc73
IA00060911,scierie,Champsecret,61091,https://inventaire-patrimoine.normandie.fr/dossier/4af855f0-3d7f-4e1c-af8d-91c65771a1de
IA00060912,ensemble d'industrie extractive,La Ferrière-aux-Étangs,61163,https://inventaire-patrimoine.normandie.fr/dossier/da22b727-9136-4498-a8f4-156f8abb11c3
IA00060913,tissage (tissage de Coton),Flers,61169,https://inventaire-patrimoine.normandie.fr/dossier/ead596e3-dc26-4e34-9831-60fe2bc2b6a7
IA00060914,tissage (tissage de Coton) dit tissage de la Blanchardière,Flers,61169,https://inventaire-patrimoine.normandie.fr/dossier/83cddd58-ad05-4930-98cc-fdfad6dd518d
IA00060915,filature de coton dite filature de la Planchette,Saint-Georges-des-Groseillers,61391,https://inventaire-patrimoine.normandie.fr/dossier/1bdffde4-d1d1-4484-82e5-ec184ae83404
IA00060916,cidrerie distillerie Anée,Vimoutiers,61508,https://inventaire-patrimoine.normandie.fr/dossier/1a9a2847-6721-406e-829f-3cb0ea579360
IA00060917,moulin à farine,Vimoutiers,61508,https://inventaire-patrimoine.normandie.fr/dossier/92620e30-8fdd-40f0-972c-cf3a2f5bbc5d
IA00060918,usine de chaussures,Trun,61494,https://inventaire-patrimoine.normandie.fr/dossier/fd9f271f-d779-49a9-bb8b-184e8c01b957
IA00060919,moulin à farine,Vrigny,61511,https://inventaire-patrimoine.normandie.fr/dossier/5aa0568f-a61f-4f90-95a0-f44668c33531
IA00060920,scierie,Saint-Germain-de-Clairefeuille,61393,https://inventaire-patrimoine.normandie.fr/dossier/9ec3d6b1-bf68-4db3-8138-ef1366985e52
IA00060921,moulin à tan,Silly-en-Gouffern,61474,https://inventaire-patrimoine.normandie.fr/dossier/8f445157-f487-4dbb-a73a-628a46dfe355
IA00060922,moulin à farine,Écouché,61153,https://inventaire-patrimoine.normandie.fr/dossier/607b0df3-dc2c-4556-bbfa-194b1c5a50d6
IA00060923,tréfilerie,Échauffour,61150,https://inventaire-patrimoine.normandie.fr/dossier/67f8daae-b4c8-462c-8a2d-e1f20bf09b42
IA00060924,"collège, chocolaterie dite chocolaterie de l'Abbaye Suisse Normande",Tinchebray,61486,https://inventaire-patrimoine.normandie.fr/dossier/ed090b86-b0ae-40c3-8865-e0ff69567378
IA00060925,usine de quincaillerie,Tinchebray,61486,https://inventaire-patrimoine.normandie.fr/dossier/dab5894f-f425-4339-aa5e-74112201dc4d
IA00060926,"usine de ferblanterie, usine de serrurerie",Tinchebray,61486,https://inventaire-patrimoine.normandie.fr/dossier/eaea568b-7601-4bdf-8f38-5fadccbc4d80
IA00060927,"moulin à papier, usine de quincaillerie dit moulin de Rochefort",Tinchebray,61486,https://inventaire-patrimoine.normandie.fr/dossier/bc846388-04b3-4ee9-8512-d9ea8d170580
IA00060928,usine de quincaillerie,Tinchebray,61486,https://inventaire-patrimoine.normandie.fr/dossier/efb0da58-bc5b-45cc-9a13-7e4697b7be1e
IA00060929,"tonnellerie, usine de boissellerie",Tinchebray,61486,https://inventaire-patrimoine.normandie.fr/dossier/fd9989f4-cad5-4cac-af74-945cb69b8a71
IA00060930,"moulin à farine, usine de quincaillerie",Tinchebray,61486,https://inventaire-patrimoine.normandie.fr/dossier/6dbbf757-cc58-4f38-9949-a020e2f2453b
IA00060931,scierie,Dompierre,61146,https://inventaire-patrimoine.normandie.fr/dossier/2e457791-3208-4a23-bbc8-ddc223ce30e2
IA00060932,usine de confection,Flers,61169,https://inventaire-patrimoine.normandie.fr/dossier/6017fa46-e6f0-4085-8760-68bb54cfc44d
IA00060933,moulin à farine,Saint-Pierre-d'Entremont,61445,https://inventaire-patrimoine.normandie.fr/dossier/7e88c5db-ce9d-446d-b6f4-51cb5bd420c0
IA00060934,tannerie,Vimoutiers,61508,https://inventaire-patrimoine.normandie.fr/dossier/3c7f9eb5-db5e-476a-a1ab-91d6270de979
IA00060935,usine de teinturerie,La Carneille,61073,https://inventaire-patrimoine.normandie.fr/dossier/be4d1083-c2d1-40cc-b09d-cacc6979f5ae
IA00060936,cidrerie,Montreuil-au-Houlme,61290,https://inventaire-patrimoine.normandie.fr/dossier/53e8a5b3-c08f-4c2c-9ae7-b18cdf3e3c55
IA00060937,fromagerie industrielle,Montreuil-la-Cambe,61291,https://inventaire-patrimoine.normandie.fr/dossier/5ede3b04-daf5-4e69-ad68-9b77f385c0d2
IA00060938,centrale hydroélectrique,Rabodanges,61340,https://inventaire-patrimoine.normandie.fr/dossier/607486b0-aec7-439d-8c60-2373ec8c3772
IA00060939,fromagerie industrielle,Le Renouard,61346,https://inventaire-patrimoine.normandie.fr/dossier/fceacf84-952a-4d8d-8db0-efdf2cc7b3ad
IA00060940,fromagerie industrielle,Le Renouard,61346,https://inventaire-patrimoine.normandie.fr/dossier/5e0446e2-3107-4c4c-9cf1-c34230199052
IA00060941,abattoir,L'Aigle,61214,https://inventaire-patrimoine.normandie.fr/dossier/859dc28b-a0dd-48b7-8d21-c07aebc0c394
IA00060942,moulin à farine,Feings,61160,https://inventaire-patrimoine.normandie.fr/dossier/9b96d451-5274-404c-87fa-3478b0e5a352
IA00060943,"tréfilerie de Sainte-Colombe, puis S.A. le Domaine du Tremblay, puis fromagerie et laiterie industrielle dite Société Laitière et Fromagère de Sainte-Gauburge, puis S.A. la Normandie Centrale, puis Société Coopérative Agricole Groupement Laitier du Perche",Échauffour,61150,https://inventaire-patrimoine.normandie.fr/dossier/1a7eedac-04bd-4881-bb48-2080a95b1611
IA00060944,moulin à farine,Sainte-Marguerite-de-Carrouges,61419,https://inventaire-patrimoine.normandie.fr/dossier/7d7d2119-f7e5-46e6-97dd-d61aad882d6e
IA00060945,moulin à farine,Saint-Martin-l'Aiguillon,61427,https://inventaire-patrimoine.normandie.fr/dossier/c00da04a-cc2a-460e-aced-1c44ff737c01
IA00060946,affinerie de fer,Saint-Patrice-du-Désert,61442,https://inventaire-patrimoine.normandie.fr/dossier/728446d8-33e1-478b-a982-3160a704578f
IA00060947,haut fourneau de la Vie,Saint-Patrice-du-Désert,61442,https://inventaire-patrimoine.normandie.fr/dossier/53a602b0-f4bb-4d15-b8e7-e7baafd71d09
IA00060948,fenderie de fer,Le Champ-de-la-Pierre,61085,https://inventaire-patrimoine.normandie.fr/dossier/61cddbc2-8135-4bde-a3c3-1fb5bfe39ca8
IA00060949,affinerie de fer dite forge de la Roche,Livaie,61228,https://inventaire-patrimoine.normandie.fr/dossier/7b5b8c23-8a44-4527-a889-bdee6180094a
IA00060950,moulin à farine,Macé,61240,https://inventaire-patrimoine.normandie.fr/dossier/fec36c1b-86bf-42e2-857d-559a5ac73865
IA00060951,moulin à farine,Macé,61240,https://inventaire-patrimoine.normandie.fr/dossier/9d7ad0b2-563f-4e06-9980-c53f6e84720f
IA00060952,"édifice sportif, abattoirs municipaux, usine de confection",Sées,61464,https://inventaire-patrimoine.normandie.fr/dossier/4d314546-51bf-4db1-b15b-319fb6dd8a67
IA00060953,"tuilerie, briqueterie, fonderie, usine d'appareils de levage et de manutention",Sées,61464,https://inventaire-patrimoine.normandie.fr/dossier/740f93c2-905a-47be-a64e-f5d4fc634900
IA00060954,moulin à farine,Mantilly,61248,https://inventaire-patrimoine.normandie.fr/dossier/c81cdf0c-018e-45ed-bba1-50dcaa30b325
IA00060955,"moulin à farine, fromagerie industrielle",Mantilly,61248,https://inventaire-patrimoine.normandie.fr/dossier/ef3a7c19-0544-4f07-9e07-0cf77e010556
IA00060956,"cidrerie, distillerie puis, laiterie industrielle",Mantilly,61248,https://inventaire-patrimoine.normandie.fr/dossier/71f0f9d8-3b40-4722-9455-a9d026e77b8d
IA00060957,"cidrerie, distillerie",Mantilly,61248,https://inventaire-patrimoine.normandie.fr/dossier/ab5a149f-e2fb-4e99-b2c1-c5d8fb7fb11f
IA00060958,"moulin à farine, minoterie",Héloup,61203,https://inventaire-patrimoine.normandie.fr/dossier/3ab74151-dd0a-46cf-a3f8-7f11ee27fdf1
IA00060959,usine de fabrication des métaux,Saint-Denis-sur-Sarthon,61382,https://inventaire-patrimoine.normandie.fr/dossier/b9ab38fb-7d71-443c-890a-c0fdb7018dd9
IA00060960,"affinerie, filature",Saint-Clair-de-Halouze,61376,https://inventaire-patrimoine.normandie.fr/dossier/0306d4b3-8692-4c40-8640-de1f76f88832
IA00060961,ensemble d'industrie extractive (mine de fer) dit mine de Halouze,Saint-Clair-de-Halouze,61376,https://inventaire-patrimoine.normandie.fr/dossier/e984344e-385e-4d31-a12f-3588c6e30e59
IA00060962,affinerie de fer dite affinerie de la Sauvagère,Saint-Michel-des-Andaines,61431,https://inventaire-patrimoine.normandie.fr/dossier/c624f6f0-1bd4-4afa-8a3e-7fdea4bb56fe
IA00060963,filature,Frênes,61177,https://inventaire-patrimoine.normandie.fr/dossier/17dd6c87-db50-497e-bd9a-e8f9b7666246
IA00060964,usine de fabrication des métaux,Champsecret,61091,https://inventaire-patrimoine.normandie.fr/dossier/c95a8a17-616e-46d7-ba9d-b03b02b14bc1
IA00060965,"affinerie, moulin à blé",Champsecret,61091,https://inventaire-patrimoine.normandie.fr/dossier/22eb353c-b259-4251-945e-69fd4ae03831
IA00060966,briqueterie,Champsecret,61091,https://inventaire-patrimoine.normandie.fr/dossier/0fb574a5-ab82-4f92-b840-17614db01ad2
IA00060967,tissage (tissage de mèches),Saint-Pierre-du-Regard,61447,https://inventaire-patrimoine.normandie.fr/dossier/fa88004f-3ff9-4d93-809f-00b9ffddaf48
IA00060968,"moulin à farine, minoterie",Bursard,61068,https://inventaire-patrimoine.normandie.fr/dossier/113c1b7b-9ebd-483a-9e41-5cf433fb6bb7
IA00060969,"moulin à farine dit moulin d'Ozé, puis filature d'Ozé, puis usine de matériel électroménager Moulinex",Alençon,61001,https://inventaire-patrimoine.normandie.fr/dossier/9ae3477c-3f66-4615-986f-37f6b872f25f
IA00060970,fromagerie industrielle,Condé-sur-Sarthe,61117,https://inventaire-patrimoine.normandie.fr/dossier/c97d1fa8-e322-4894-97c8-3b32cf669b26
IA00060971,tannerie,Alençon,61001,https://inventaire-patrimoine.normandie.fr/dossier/bded1cd2-48ee-484c-8700-97e411bf750f
IA00060972,moulin à farine,Alençon,61001,https://inventaire-patrimoine.normandie.fr/dossier/f3939d65-589d-4789-bc19-ce6e5b677ce4
IA00060973,usine de teinturerie,Alençon,61001,https://inventaire-patrimoine.normandie.fr/dossier/54d78796-8468-4959-b5b4-ee3ab628d1aa
IA00060974,imprimerie,Alençon,61001,https://inventaire-patrimoine.normandie.fr/dossier/9c4b41ff-ee6b-45c7-ab84-14188c9443d5
IA00060975,imprimerie,Alençon,61001,https://inventaire-patrimoine.normandie.fr/dossier/2719459f-508c-4f76-939f-2b0b402d8bd0
IA00060976,usine de bonneterie,Alençon,61001,https://inventaire-patrimoine.normandie.fr/dossier/ecb27de1-d7d8-4152-89c9-666d84d34e40
IA00060977,usine liée au travail du bois,Alençon,61001,https://inventaire-patrimoine.normandie.fr/dossier/bda44f05-b99e-463b-8019-9347f105f15a
IA00060978,tissage dit tissage du Bas de Maure,La Ferté-Macé,61168,https://inventaire-patrimoine.normandie.fr/dossier/59ce6d56-7a0e-4826-ba09-ab294de9d60c
IA00060979,tissage dit tissage de Maure,La Ferté-Macé,61168,https://inventaire-patrimoine.normandie.fr/dossier/380fd45e-908b-4386-8d70-9f936498201c
IA00060980,"moulin à farine, tissage",La Ferté-Macé,61168,https://inventaire-patrimoine.normandie.fr/dossier/e0de9762-7cc8-49cb-9358-5bcfa17e7155
IA00060981,tissage,Antoigny,61004,https://inventaire-patrimoine.normandie.fr/dossier/aa9ee811-5b12-4449-8e94-fbcaaaa8b4f4
IA00060982,tissage,La Ferté-Macé,61168,https://inventaire-patrimoine.normandie.fr/dossier/58d400e9-b245-40ac-bdc1-951d33f93f1e
IA00060983,tissage,La Ferté-Macé,61168,https://inventaire-patrimoine.normandie.fr/dossier/2e99c1b5-8bfc-4387-86ac-1596e83cd008
IA00060984,tissage,La Ferté-Macé,61168,https://inventaire-patrimoine.normandie.fr/dossier/78e1fad2-c0be-4e5b-b7df-6bb477e67485
IA00060985,tissage de Beaudouet,La Ferté-Macé,61168,https://inventaire-patrimoine.normandie.fr/dossier/ce341681-0375-4078-89b5-e003e49508f4
IA00060986,usine de blanchiment,La Ferté-Macé,61168,https://inventaire-patrimoine.normandie.fr/dossier/d42c29fe-0cfa-42e9-ba94-69f4febcbc51
IA00060987,scierie,Coulonges-sur-Sarthe,61126,https://inventaire-patrimoine.normandie.fr/dossier/1f07c5e6-4b27-4e33-af62-7d755e0abf9d
IA00060988,usine de matériel d'équipement industriel dite usine Lurem,La Haute-Chapelle,61201,https://inventaire-patrimoine.normandie.fr/dossier/4a1dbf3d-9f32-4083-99ca-b1080b97bbc0
IA00060989,laiterie industrielle et abattoirs du Pont Morin,La Chapelle-d'Andaine,61096,https://inventaire-patrimoine.normandie.fr/dossier/12e4344b-d4fe-437a-a8b3-d1c5f8cc5cd0
IA00060990,laiterie industrielle,La Chapelle-d'Andaine,61096,https://inventaire-patrimoine.normandie.fr/dossier/36ae0b31-d205-40a7-bed8-99192753499b
IA00060991,"moulin à farine, minoterie",Saint-Germain-du-Corbéis,61397,https://inventaire-patrimoine.normandie.fr/dossier/ad16d5d6-1455-495d-be64-efc9506a971f
IA00060992,laiterie industrielle,Tanville,61480,https://inventaire-patrimoine.normandie.fr/dossier/88fbe533-0c24-4bdd-8b87-59be65cd9732
IA00060993,fromagerie industrielle,Champsecret,61091,https://inventaire-patrimoine.normandie.fr/dossier/13843bb0-ed07-4e18-9787-35ece5924bb2
IA00060994,usine d'extraction,Chailloué,61081,https://inventaire-patrimoine.normandie.fr/dossier/91df8d62-51c0-4bd5-84fc-f99011dfa932
IA00060995,moulin à farine,Coulonges-sur-Sarthe,61126,https://inventaire-patrimoine.normandie.fr/dossier/f06b42c8-e496-44f5-8495-3262fa753fb5
IA00060996,"moulin à farine, minoterie",Saint-Denis-sur-Sarthon,61382,https://inventaire-patrimoine.normandie.fr/dossier/80a70c8b-65b9-4427-8298-dcb027b9879b
IA00060997,faïencerie,Saint-Denis-sur-Sarthon,61382,https://inventaire-patrimoine.normandie.fr/dossier/a3c6988d-4dec-4f14-a75a-214154b55d2a
IA00060998,usine de blanchiment,La Ferté-Macé,61168,https://inventaire-patrimoine.normandie.fr/dossier/db919e83-c99a-4a83-9e4d-e29fbec073c0
IA00060999,tissage de mèches,La Ferté-Macé,61168,https://inventaire-patrimoine.normandie.fr/dossier/f84bbf5d-7272-4e9e-9fad-ab9e9f645023
IA00061000,usine de chaussures,La Ferté-Macé,61168,https://inventaire-patrimoine.normandie.fr/dossier/f85f3485-6326-4372-885b-e0d294ec427a
IA00061001,usine de chaussures,La Ferté-Macé,61168,https://inventaire-patrimoine.normandie.fr/dossier/341e5158-f94c-447e-a785-78ff45bbf74d
IA00061002,imprimerie Alençonnaise,Alençon,61001,https://inventaire-patrimoine.normandie.fr/dossier/412bdd9c-fba0-4186-a292-cdce3d04da94
IA00061003,four à chaux,Les Rotours,61354,https://inventaire-patrimoine.normandie.fr/dossier/3b93acab-5a9a-4e6c-ae7d-96d51e5a6e92
IA00061004,four à chaux,Les Rotours,61354,https://inventaire-patrimoine.normandie.fr/dossier/23ab383d-e20c-4b4d-b6d3-7962c8fd9038
IA00061005,usine de céramique,Alençon,61001,https://inventaire-patrimoine.normandie.fr/dossier/97b4191e-c33e-481f-bf87-e773cd2b9f3d
IA00061006,usine d'extraction dite Mine de Halouze,Saint-Clair-de-Halouze,61376,https://inventaire-patrimoine.normandie.fr/dossier/3d33f56e-0804-4bb8-91e8-d2d997de498c
IA00061007,usine d'extraction dite Mine de Halouze,Saint-Clair-de-Halouze,61376,https://inventaire-patrimoine.normandie.fr/dossier/550a98cc-1b6a-44d2-86af-4f2eedb20d38
IA00061008,usine d'extraction dite Mine de Halouze,Saint-Clair-de-Halouze,61376,https://inventaire-patrimoine.normandie.fr/dossier/dd0c25a9-e2ed-4615-b008-b03551f35864
IA00061009,cité ouvrière,Saint-Clair-de-Halouze,61376,https://inventaire-patrimoine.normandie.fr/dossier/8c1faae4-d089-4889-a1cb-f600f23c2578
IA00061010,"moulin à farine, minoterie",Couterne,61135,https://inventaire-patrimoine.normandie.fr/dossier/0970802c-ec7f-47d3-b927-be99e1eaeddb
IA00061011,cité ouvrière,Le Châtellier,61102,https://inventaire-patrimoine.normandie.fr/dossier/c6c14420-21dd-40da-980d-6b02452883d5
IA00061012,tuilerie,Mâle,61246,https://inventaire-patrimoine.normandie.fr/dossier/213ecea3-3d49-4529-add8-8f28bc3ae096
IA00061013,"moulin à farine, usine de passementerie, tréfilerie",Aube,61008,https://inventaire-patrimoine.normandie.fr/dossier/43c3eab5-6bba-4329-a3d0-38340573450a
IA00061014,moulin à blé,Buré,61066,https://inventaire-patrimoine.normandie.fr/dossier/4578b822-7195-4082-969b-ed4bbed80047
IA00061015,"moulin à farine, usine de pâte à papier",Mâle,61246,https://inventaire-patrimoine.normandie.fr/dossier/4d921a1e-9cd2-497b-8670-7c168fc7bdbe
IA00061016,moulin à farine,Perche en Nocé,,https://inventaire-patrimoine.normandie.fr/dossier/b5c7d602-d531-487f-b2f9-19bd9c3c4678
IA00061017,haut fourneau,Saint-Pierre-des-Loges,61446,https://inventaire-patrimoine.normandie.fr/dossier/345d91f0-a734-4f62-914f-8be1089f6b52
IA00061018,"moulin à papier, tannerie dite Tanneries de Saint Hilaire",Saint-Hilaire-sur-Risle,61406,https://inventaire-patrimoine.normandie.fr/dossier/0b246630-95bd-4651-9664-b916468d17ce
IA00061019,moulin à farine,Saint-Hilaire-sur-Risle,61406,https://inventaire-patrimoine.normandie.fr/dossier/daac4840-acf9-4c58-83b2-26a9496d7a1a
IA00061020,moulin à farine,Bazoches-sur-Hoëne,61029,https://inventaire-patrimoine.normandie.fr/dossier/fd691cfe-e962-4291-b18b-4626c13aec31
IA00061021,moulin à farine,Saint-Agnan-sur-Sarthe,61360,https://inventaire-patrimoine.normandie.fr/dossier/055b4787-db11-470d-9017-4ac147a1be2f
IA00061022,moulin à farine,Sainte-Scolasse-sur-Sarthe,61454,https://inventaire-patrimoine.normandie.fr/dossier/a338d4a1-0f8c-468d-8518-7c02f3e96502
IA00061023,usine de fabrication des métaux,Le Champ-de-la-Pierre,61085,https://inventaire-patrimoine.normandie.fr/dossier/415450d3-1ffd-44e3-a9f5-e534aef18bae
IA00061024,"haut fourneau, fonderie",Sainte-Marguerite-de-Carrouges,61419,https://inventaire-patrimoine.normandie.fr/dossier/a02dcabd-ba7c-44e8-bf61-6a825a5c4b2b
IA00061025,affinerie dite forge de Carrouges,Saint-Martin-l'Aiguillon,61427,https://inventaire-patrimoine.normandie.fr/dossier/eb7a8df9-2258-477e-9c1f-e3dfed7313df
IA00061026,"moulin à farine, usine de chaudronnerie dit moulin d'Aube, puis usine de chaudronnerie du moulin d'Aube",Aube,61008,https://inventaire-patrimoine.normandie.fr/dossier/c7d7cd67-02fb-46fd-8c05-4e32a6cd3143
IA00061027,"usine de passementerie, usine de chaussures",Beaufai,61032,https://inventaire-patrimoine.normandie.fr/dossier/8d2fc298-6106-4fb9-ace4-2b7ba53178c4
IA00061028,moulin à farine,Beaufai,61032,https://inventaire-patrimoine.normandie.fr/dossier/0439fa26-5f51-48aa-a6b7-47d3bb459f21
IA00061029,affinerie,Aube,61008,https://inventaire-patrimoine.normandie.fr/dossier/9354356d-808f-412a-95b3-2dc2b2c99cdc
IA00061030,"moulin à papier, tréfilerie",Rai,61342,https://inventaire-patrimoine.normandie.fr/dossier/1bcc0808-2397-4e51-8d4b-cbbb7b198c4a
IA00061033,tréfilerie,Saint-Sulpice-sur-Risle,61456,https://inventaire-patrimoine.normandie.fr/dossier/8bd63f82-dbc6-4eda-9f88-373fd5362b08
IA00061034,filature Vente,Saint-Pierre-du-Regard,61447,https://inventaire-patrimoine.normandie.fr/dossier/ad1952b3-870f-448a-b0a9-14cd81aab402
IA00061035,filature des Roches,Saint-Pierre-du-Regard,61447,https://inventaire-patrimoine.normandie.fr/dossier/e12635a5-8541-4da5-b4ba-5972bd0fa103
IA00061036,filature,Saint-Pierre-du-Regard,61447,https://inventaire-patrimoine.normandie.fr/dossier/f7a22518-67a5-4604-a1c1-e7d0e09169bf
IA00061037,filature,Saint-Pierre-du-Regard,61447,https://inventaire-patrimoine.normandie.fr/dossier/5b097d42-cbe4-4079-b0cc-df7323cc90ad
IA00061038,filature,Saint-Pierre-du-Regard,61447,https://inventaire-patrimoine.normandie.fr/dossier/432fcd3d-fd42-4915-a432-30afb0d32d2e
IA00061039,usine d'ouvrages en amiante,Sainte-Honorine-la-Chardonne,61407,https://inventaire-patrimoine.normandie.fr/dossier/06764c30-6e7a-4bdd-b34b-cfe5726b4b08
IA00061040,tissage,Athis-de-l'Orne,61007,https://inventaire-patrimoine.normandie.fr/dossier/ca3d8831-fdbd-4714-a8f9-58e855b5d079
IA00061041,tissage du Parc,Flers,61169,https://inventaire-patrimoine.normandie.fr/dossier/7a9aaa25-6737-4201-9dff-21ba24a9aed8
IA00061042,tissage dit tissage de la Halle,Flers,61169,https://inventaire-patrimoine.normandie.fr/dossier/2ad6726e-76ab-4abb-bf14-522e50f74408
IA00061043,tissage,Flers,61169,https://inventaire-patrimoine.normandie.fr/dossier/13d93ded-5d35-484d-904a-ffde8bf27a69
IA00061044,"cidrerie distillerie dite cidrerie François, actuellement S.A. les Distilleries Françaises",La Rouge,61356,https://inventaire-patrimoine.normandie.fr/dossier/a2e5cca2-577e-430a-a073-4cfae242d678
IA00061045,"cidrerie-distillerie dite cidrerie Dourdoigne, puis les cidreries Réunies",Le Theil,61484,https://inventaire-patrimoine.normandie.fr/dossier/001595d5-7e81-4a81-ba0f-8dae22918e84
IA00061046,moulin à farine,Courcerault,61128,https://inventaire-patrimoine.normandie.fr/dossier/e3a8cd67-f87a-4692-aa71-8f0423b7d757
IA00061047,moulin à farine,Maison-Maugis,61245,https://inventaire-patrimoine.normandie.fr/dossier/bf72a86c-2f8e-4392-8c73-f758e7bed162
IA00061048,"fonderie Renaudin, puis Société Nouvelle d'Exploitation Renaudin",Mâle,61246,https://inventaire-patrimoine.normandie.fr/dossier/fee44f1a-cacf-4e6b-901a-b1db55222375
IA00061049,fonderie,L'Aigle,61214,https://inventaire-patrimoine.normandie.fr/dossier/49a1d684-9cc4-4e45-8cb0-b31dfafc7998
IA00061050,usine de quincaillerie,L'Aigle,61214,https://inventaire-patrimoine.normandie.fr/dossier/39c6c270-e09b-47a0-bd20-623f31aa9091
IA00061051,"moulin à papier, tréfilerie",Aube,61008,https://inventaire-patrimoine.normandie.fr/dossier/08f5efae-132f-4369-918c-63a339cf84c1
IA00061052,"tannerie, usine de construction mécanique",L'Aigle,61214,https://inventaire-patrimoine.normandie.fr/dossier/e23c856b-49bd-4bee-936b-d71617af3d3c
IA00061053,"tréfilerie Boisthorel, actuellement usine de transformation des métaux dite Tréfimétaux",Rai,61342,https://inventaire-patrimoine.normandie.fr/dossier/a5301085-16d2-414c-9d69-f88ca16e01f8
IA00061054,usine d'habillement,L'Aigle,61214,https://inventaire-patrimoine.normandie.fr/dossier/3df6a5b3-e6ee-419e-b5ec-fb4f19b6384e
IA00061055,tréfilerie,Saint-Martin-d'Écublei,61423,https://inventaire-patrimoine.normandie.fr/dossier/38f266f7-6ce3-4753-a42b-ca89e12456e7
IA00061056,moulin à farine,Crulai,61140,https://inventaire-patrimoine.normandie.fr/dossier/78e2022c-4f96-40e7-81f1-d3586ae87247
IA00061057,moulin à farine,Saint-Michel-Tubœuf,61432,https://inventaire-patrimoine.normandie.fr/dossier/01a9306d-d8d6-4f87-9ff6-e3d9c6390a8c
IA00061058,moulin à farine,Chandai,61092,https://inventaire-patrimoine.normandie.fr/dossier/a1b1a05e-fcce-4e70-a351-f8361501e93f
IA00061059,tréfilerie,Saint-Martin-d'Écublei,61423,https://inventaire-patrimoine.normandie.fr/dossier/6853675e-202c-4a51-a2b6-2a0bda4a7e37
IA00061061,moulin à farine,Boissy-Maugis,61050,https://inventaire-patrimoine.normandie.fr/dossier/c86dff7c-53fa-42b1-a982-709d534bbd31
IA00061062,moulin à farine,Bretoncelles,61061,https://inventaire-patrimoine.normandie.fr/dossier/8eee80d5-43fa-407a-9ce7-a1ba9ff7a967
IA00061063,tuilerie,Rémalard,61345,https://inventaire-patrimoine.normandie.fr/dossier/40375f0f-d4f0-4478-98ed-f724ad669bc7
IA00061064,moulin à farine,Bretoncelles,61061,https://inventaire-patrimoine.normandie.fr/dossier/441f8072-ca1f-443b-b721-7f63ef81c8b6
IA00061065,"moulin à farine, minoterie",Bretoncelles,61061,https://inventaire-patrimoine.normandie.fr/dossier/cf1828b5-be16-40ca-85de-a6ea86c811a9
IA00061066,briqueterie,Saint-Fulgent-des-Ormes,61388,https://inventaire-patrimoine.normandie.fr/dossier/bb8a38b9-a83d-4ec7-92a7-2a44a8f88c7f
IA00061067,tuilerie,Saint-Jouin-de-Blavou,61411,https://inventaire-patrimoine.normandie.fr/dossier/11a51e26-2ee5-4307-acbc-36aca7f66577
IA00061068,haut fourneau,La Madeleine-Bouvet,61241,https://inventaire-patrimoine.normandie.fr/dossier/cdaeb9cd-1e2a-4e4e-aee0-3de9cceff0e3
IA00061069,manufacture et scierie Bellêmoise,Saint-Martin-du-Vieux-Bellême,61426,https://inventaire-patrimoine.normandie.fr/dossier/cf003820-a2b8-4a09-8b4d-72a383e46fc0
IA00061070,"ferme, briqueterie",Origny-le-Roux,61319,https://inventaire-patrimoine.normandie.fr/dossier/445524ea-363d-4f95-b711-b25df0d35ad7
IA00061071,usine de quincaillerie dite usine de quincaillerie Mermier Lemarchand Réunis,Tinchebray,61486,https://inventaire-patrimoine.normandie.fr/dossier/f1782e41-84e1-4811-8c7e-bb4f5f5fe9db
IA00061072,usine de boulangerie dite biscuiterie de l'Abbaye,Lonlay-l'Abbaye,61232,https://inventaire-patrimoine.normandie.fr/dossier/b3bd13f8-5ad4-472f-9753-b1620129c8fc
IA00061073,"scierie Prout, puis Scierie Prout Frères, actuellement Maisons France Confort",Alençon,61001,https://inventaire-patrimoine.normandie.fr/dossier/6cd7e92e-7abd-4818-b230-277b63bf11c6
IA00061074,"tuilerie, Briqueterie",L'Aigle,61214,https://inventaire-patrimoine.normandie.fr/dossier/d4b32cee-3bb8-45da-a23f-051eb6b4d33f
IA00061075,usine de chaussures,L'Aigle,61214,https://inventaire-patrimoine.normandie.fr/dossier/6cff45d4-e7e5-4362-888c-08486684a5ce
IA00061076,usine de quincaillerie,L'Aigle,61214,https://inventaire-patrimoine.normandie.fr/dossier/15df09f0-5249-4691-8e4d-f38157baead0
IA00061077,usine de quincaillerie,L'Aigle,61214,https://inventaire-patrimoine.normandie.fr/dossier/5d5cf67a-a6c8-49cd-b636-8de61c5a1c7c
IA00061078,"filature, usine de quincaillerie",L'Aigle,61214,https://inventaire-patrimoine.normandie.fr/dossier/318e026e-c638-45df-91c2-ca88f1affab0
IA00061079,"usine de quincaillerie dite Manufacture Lherminier, puis S.A. des Tréfileries Françaises, puis S.A. des Etablissements Dassonville et Fatus, puis S.A.R.L. des Etablissements Fatus et Cie",L'Aigle,61214,https://inventaire-patrimoine.normandie.fr/dossier/e8a863ae-7d94-4ee0-84d0-5c4b8c719e76
IA00061080,"usine de produits alimentaires, laiterie industrielle dite usine de produits alimentaires Deschamps",Échauffour,61150,https://inventaire-patrimoine.normandie.fr/dossier/310c49b9-7d4e-4738-a2f5-efbda0a838ac
IA00061081,"moulin à farine dit moulin de Feugeroux, puis Tréfilerie Bigot",Sainte-Gauburge-Sainte-Colombe,61389,https://inventaire-patrimoine.normandie.fr/dossier/4a78fd5d-d20b-4fbb-9b93-aa0709df8e65
IA00061082,"moulin à farine, moulin à huile",Sainte-Gauburge-Sainte-Colombe,61389,https://inventaire-patrimoine.normandie.fr/dossier/fdf456a6-e2ed-4c7b-adfe-f735c0e623cb
IA00061083,"tannerie, usine de blanchiment",L'Aigle,61214,https://inventaire-patrimoine.normandie.fr/dossier/30ac1fba-4a0d-488a-bafd-22111ddf4349
IA00061084,usine à gaz,L'Aigle,61214,https://inventaire-patrimoine.normandie.fr/dossier/00fc960b-2b54-4ca7-a551-14eaa0036322
IA00061085,usine d'ébénisterie,L'Aigle,61214,https://inventaire-patrimoine.normandie.fr/dossier/09062914-4bf6-49a2-af2a-f7eb69ebcda1
IA00061086,usine à papier,Le Theil,61484,https://inventaire-patrimoine.normandie.fr/dossier/37006c13-21a6-4ca9-8b80-a76fd0497710
IA00061087,haut fourneau de la Roche,Livaie,61228,https://inventaire-patrimoine.normandie.fr/dossier/f271b311-4b6e-4234-8fb7-30ba3e51c803
IA00061088,"moulin à farine, tréfilerie dite de Brochard",Longny-au-Perche,61230,https://inventaire-patrimoine.normandie.fr/dossier/01d90608-aa52-4b05-8422-cd3c2f97f60f
IA00061089,usine de flaconnage,L'Hôme-Chamondot,61206,https://inventaire-patrimoine.normandie.fr/dossier/68c03c0f-982a-4ae3-bfe9-857298f34591
IA00061090,"cidrerie, distillerie, usine de fibre de bois",Le Pin-la-Garenne,61329,https://inventaire-patrimoine.normandie.fr/dossier/0391153c-cd1e-4907-92a0-9cba93833378
IA00061091,moulin à farine,Goulet,61194,https://inventaire-patrimoine.normandie.fr/dossier/d04cb8f5-635e-4bf1-abc2-f4441b675c23
IA00061092,usine de flaconnage,Saint-Evroult-Notre-Dame-du-Bois,61386,https://inventaire-patrimoine.normandie.fr/dossier/96cd783f-63b4-42a4-959f-112236b29d14
IA00061093,haut fourneau de Gaillon,Irai,61208,https://inventaire-patrimoine.normandie.fr/dossier/e42512a0-f7e5-478c-9062-2e67aece815d
IA00061094,affinerie dite forge de Gaillon,Randonnai,61343,https://inventaire-patrimoine.normandie.fr/dossier/1605cad5-d82b-4326-a5af-8d2913739cde
IA00061095,briqueterie,L'Hôme-Chamondot,61206,https://inventaire-patrimoine.normandie.fr/dossier/061971a0-e7ce-4ace-be21-d4b6f8aa2705
IA00061096,fenderie,Randonnai,61343,https://inventaire-patrimoine.normandie.fr/dossier/514c50b3-37f6-4b6b-a099-863c0d458669
IA00061097,"moulin à farine, filature, usine de quincaillerie dite usine de quincaillerie Mermier Lemarchand Réunis",Frênes,61177,https://inventaire-patrimoine.normandie.fr/dossier/1fa9c3b3-0789-42a3-a74a-09e8fd603a86
IA00061098,moulin à farine,Malétable,61247,https://inventaire-patrimoine.normandie.fr/dossier/08d5bc14-2293-422b-b819-1c4cf7285021
IA00061099,moulin à farine dit moulin de Longny,Longny-au-Perche,61230,https://inventaire-patrimoine.normandie.fr/dossier/61192eb3-696b-4b02-9238-e11f1d03d59c
IA00061100,moulin à blé,Malétable,61247,https://inventaire-patrimoine.normandie.fr/dossier/1f7acc4d-e4f4-4894-ac3e-4abc263fcfaf
IA00061101,"haut fourneau, moulin à blé",Tourouvre,61491,https://inventaire-patrimoine.normandie.fr/dossier/84eaa0bf-354c-4c01-bc30-929f562b2b7c
IA00061102,"haut fourneau, moulin à tan, fenderie, moulin à tan",Longny-au-Perche,61230,https://inventaire-patrimoine.normandie.fr/dossier/188b7cce-7ecd-4d81-93c6-4a69aaa67b25
IA00061103,"fenderie, actuellement maison",Longny-au-Perche,61230,https://inventaire-patrimoine.normandie.fr/dossier/162aba19-a5d3-48be-bea7-56518baba495
IA00061104,usine de flaconnage,Tanville,61480,https://inventaire-patrimoine.normandie.fr/dossier/d52d97a6-bf8e-436b-ab58-9fc4ee6d26a8
IA00061105,"haut fourneau, moulin à blé",Normandel,61311,https://inventaire-patrimoine.normandie.fr/dossier/645c0d9a-4047-4e02-b244-364eff07562e
IA00061106,fonderie dite Société des Fonderies et Ateliers de Randonnai,Randonnai,61343,https://inventaire-patrimoine.normandie.fr/dossier/14d103d5-dc09-406e-bb94-78a70012fc4e
IA00061107,"moulin à farine, minoterie",Bivilliers,61045,https://inventaire-patrimoine.normandie.fr/dossier/df941cfb-6758-48e8-937f-62020b560891
IA00061108,tréfilerie dite la Fabrique,Chandai,61092,https://inventaire-patrimoine.normandie.fr/dossier/9b532798-3da1-4d20-b4ef-acf78c44dc69
IA00061109,moulin à papier,Boissy-Maugis,61050,https://inventaire-patrimoine.normandie.fr/dossier/f0041e5d-9dc5-4e93-88e5-abef1dd0fb34
IA00061110,moulin à farine,Condé-sur-Huisne,61116,https://inventaire-patrimoine.normandie.fr/dossier/51d60ebb-096a-4d42-a50f-75a129b5bf8b
IA00061111,moulin à farine,Dorceau,61147,https://inventaire-patrimoine.normandie.fr/dossier/a270caa3-6f07-4ba1-8219-e345c47aae98
IA00061112,haut fourneau,Longny-au-Perche,61230,https://inventaire-patrimoine.normandie.fr/dossier/f7f9721f-8fbf-46cb-b669-93dc5606b248
IA00061113,"laminoir, usine de quincaillerie dite usine de la Batterie",Saint-Sulpice-sur-Risle,61456,https://inventaire-patrimoine.normandie.fr/dossier/85be1da1-cd39-444b-bab2-2219605d469c
IA00061114,"tréfilerie, usine de quincaillerie",Saint-Sulpice-sur-Risle,61456,https://inventaire-patrimoine.normandie.fr/dossier/ceba62ec-2803-45a0-bc4b-3e2b0ed55d43
IA00061115,moulin à papier,Saint-Maurice-sur-Huisne,61430,https://inventaire-patrimoine.normandie.fr/dossier/9fba22e8-2d3b-4ba4-915c-8836bc5ff9a7
IA00061116,"distillerie, cidrerie",Anceins,61003,https://inventaire-patrimoine.normandie.fr/dossier/9873f4af-3d58-43d2-9fdc-c9f6cee314f9
IA00061117,briqueterie Saint-Martin,Argentan,61006,https://inventaire-patrimoine.normandie.fr/dossier/90ded92e-ceb4-42bd-8d71-67e5ae24dd36
IA00061118,"moulin à farine dit moulin d'Orion, actuellement minoterie Dubois Rioux",Argentan,61006,https://inventaire-patrimoine.normandie.fr/dossier/c85d0cda-0fbf-4f36-9244-abd54538de04
IA00061119,filature de la Martinique,Athis-de-l'Orne,61007,https://inventaire-patrimoine.normandie.fr/dossier/b0d5ba20-5410-4029-a240-8f1d3c45de1a
IA00061120,filature,Athis-de-l'Orne,61007,https://inventaire-patrimoine.normandie.fr/dossier/74a59e69-e811-42ad-8e4c-9e396ccd6a7e
IA00061121,filature,Athis-de-l'Orne,61007,https://inventaire-patrimoine.normandie.fr/dossier/be32a865-e7dd-4406-9826-f6167f92efc4
IA00061122,filature,Athis-de-l'Orne,61007,https://inventaire-patrimoine.normandie.fr/dossier/70f47dbf-54da-4754-981f-3b0e6c781ffd
IA00061123,centrale électrique,Aube,61008,https://inventaire-patrimoine.normandie.fr/dossier/2120a034-92f2-46cb-b640-aeeb5a0e66e0
IA00061124,moulin à farine,Aunou-le-Faucon,61014,https://inventaire-patrimoine.normandie.fr/dossier/de7d210f-4c99-459a-b60a-0854fe0017e0
IA00061125,moulin à foulon dit Moulin à toile,L'Aigle,61214,https://inventaire-patrimoine.normandie.fr/dossier/746e2966-9900-4d07-84b9-8f2eb6d28dae
IA00061126,usine de quincaillerie,Anceins,61003,https://inventaire-patrimoine.normandie.fr/dossier/6434f7ad-c920-49ae-93a1-b6894f1adaf7
IA00061127,usine de matériel électroménager dite usine Moulinex,Argentan,61006,https://inventaire-patrimoine.normandie.fr/dossier/1b8c5ef7-d2e9-44f9-afbc-1d714f6675e7
IA00061128,usine d'appareils de levage et de manutention dite usine M.I.C.,Argentan,61006,https://inventaire-patrimoine.normandie.fr/dossier/0a2906f5-3e51-4560-a7c3-1eaa67a50671
IA00061129,"fenderie, tréfilerie",Aube,61008,https://inventaire-patrimoine.normandie.fr/dossier/9bb902e6-a884-4942-af81-8beac2cfad03
IA00061130,usine de chaux,Bazoches-au-Houlme,61028,https://inventaire-patrimoine.normandie.fr/dossier/7cfecbf8-9454-4e10-baae-dd862e9ebfd3
IA00061131,moulin à farine,Bazoches-sur-Hoëne,61029,https://inventaire-patrimoine.normandie.fr/dossier/590907c8-296c-46c3-a66e-d3591affff46
IA00061132,filature,Athis-de-l'Orne,61007,https://inventaire-patrimoine.normandie.fr/dossier/cde6a40a-13ed-45ff-a6e7-c040a38738bf
IA00061133,"laiterie industrielle, fromagerie industrielle dite laiterie fromagerie Lavalou",Le Bourg-Saint-Léonard,61057,https://inventaire-patrimoine.normandie.fr/dossier/a49b849a-2c3f-43da-ba37-1654a0828017
IA00061134,usine de fabrication des métaux,Boucé,61055,https://inventaire-patrimoine.normandie.fr/dossier/8769226f-24f3-4898-8664-bb903cd2e237
IA00061135,fonderies du Perche,Irai,61208,https://inventaire-patrimoine.normandie.fr/dossier/a5bef7bf-b391-44f0-b9fe-2a4e452370d4
IA00061136,"moulin à farine, minoterie",La Madeleine-Bouvet,61241,https://inventaire-patrimoine.normandie.fr/dossier/cd6eba3c-0e0f-4238-a6e4-dbb919f73979
IA00061137,tuilerie de la Boulaie Blanche,Moutiers-au-Perche,61300,https://inventaire-patrimoine.normandie.fr/dossier/227665af-a88f-41a6-b714-55a3aa8f2d29
IA00061138,moulin à farine,Rai,61342,https://inventaire-patrimoine.normandie.fr/dossier/62b99cac-2c40-42ff-b0b9-fa4840ea2a07
IA00061139,"usine de fabrication des métaux, moulin à papier",Saint-Victor-de-Réno,61458,https://inventaire-patrimoine.normandie.fr/dossier/428a9bbb-bd36-43c4-b258-8747403c24dd
IA00061140,moulin à farine,La Mesnière,61277,https://inventaire-patrimoine.normandie.fr/dossier/d2ab2e83-4178-427a-a414-61b279bf280a
IA00061141,moulin à papier,Saint-Victor-de-Réno,61458,https://inventaire-patrimoine.normandie.fr/dossier/bf1fdc43-1afc-45d1-876a-bdec4cb71c0a
IA00061142,"moulin à farine, puis usine génératrice d'électricité",Mauves-sur-Huisne,61255,https://inventaire-patrimoine.normandie.fr/dossier/cdbc105c-77cd-4bd9-81ba-b19cd6ce58ef
IA00061143,"usine de Matériel Electroacoustique dite usine de Matériel Electroacoustique A.C.E.M., puis A.R.E.A.C.E.M.",Tourouvre,61491,https://inventaire-patrimoine.normandie.fr/dossier/419b5693-77d0-430a-a575-eaa983f332ca
IA00061144,usine de petite métallurgie dite usine Eurofac,Rai,61342,https://inventaire-patrimoine.normandie.fr/dossier/988ca903-7120-4ac3-af95-b9efd3b0572c
IA00061145,usine de matériel d'équipement industriel dite usine de Rai Tillières,Rai,61342,https://inventaire-patrimoine.normandie.fr/dossier/d634cdd8-9193-480e-9c5b-fa0728b42439
IA00061146,"moulin à foulon, tréfilerie",Vitrai-sous-Laigle,61510,https://inventaire-patrimoine.normandie.fr/dossier/d89c08a5-24d5-41d5-a5cd-68ea0f8760df
IA00061147,cartonnerie,Saint-Langis-lès-Mortagne,61414,https://inventaire-patrimoine.normandie.fr/dossier/3624a154-3a9a-40aa-9b62-a284ba7cbb38
IA00061148,usine de bougies,Saint-Hilaire-le-Châtel,61404,https://inventaire-patrimoine.normandie.fr/dossier/2e8b7302-9ed3-4cf1-9454-b8c21a8ef41d
IA00061149,"imprimerie, actuellement ateliers dits ateliers Buguet",La Chapelle-Montligeon,61097,https://inventaire-patrimoine.normandie.fr/dossier/faff3673-fa29-418e-ba33-6bb918525ef0
IA00061150,moulin à farine,Crulai,61140,https://inventaire-patrimoine.normandie.fr/dossier/30c4bf91-0bbf-4ae7-bc37-0b30ee05d616
IA00061151,"moulin à farine, puis ferme",Mauves-sur-Huisne,61255,https://inventaire-patrimoine.normandie.fr/dossier/0e922ced-3d12-4529-bced-f9255f58383a
IA00061152,moulin à farine,Perche en Nocé,,https://inventaire-patrimoine.normandie.fr/dossier/ea09c374-7b6e-4e36-b5e3-c82c25b2a867
IA00061153,affinerie dite forge de Beaumont,Longny-au-Perche,61230,https://inventaire-patrimoine.normandie.fr/dossier/451e1db8-8019-43bb-8934-b6a85c84b000
IA00061154,"tréfilerie, usine de quincaillerie",Saint-Sulpice-sur-Risle,61456,https://inventaire-patrimoine.normandie.fr/dossier/1d238529-8f37-4a77-af3f-bde40720b882
IA00061155,"usine de quincaillerie, tréfilerie dite établissements Bohin",Saint-Sulpice-sur-Risle,61456,https://inventaire-patrimoine.normandie.fr/dossier/8e086fa2-48a8-45f7-bd02-99d65e20eb6a
IA00061156,moulin à blé,Vitrai-sous-Laigle,61510,https://inventaire-patrimoine.normandie.fr/dossier/20378565-df8d-4dc8-a216-dbe4574ca9b3
IA00061157,tannerie dite tannerie de la Chippe,Mortagne-au-Perche,61293,https://inventaire-patrimoine.normandie.fr/dossier/8643ea37-b366-45b1-89eb-6ccdecdc9cf0
IA00061158,"affinerie, tréfilerie, usine de produits chimiques",Randonnai,61343,https://inventaire-patrimoine.normandie.fr/dossier/06407b40-043b-45d5-a00a-8d0ee9938662
IA00061159,usine à gaz,Saint-Langis-lès-Mortagne,61414,https://inventaire-patrimoine.normandie.fr/dossier/ccb41139-674c-4e39-b6b2-3c048c619319
IA00061160,tréfilerie actuellement pisciculture,Tourouvre,61491,https://inventaire-patrimoine.normandie.fr/dossier/1f8d4f23-4169-4a91-b16c-ae2d24f6ccb2
IA00061161,moulin à papier,Canapville,61072,https://inventaire-patrimoine.normandie.fr/dossier/997fbf0b-081a-41ca-afc1-ec45e05f3a54
IA00061162,"moulin à farine, minoterie",Le Châtellier,61102,https://inventaire-patrimoine.normandie.fr/dossier/6114675f-173d-430a-9b97-1570bc0b9eaf
IA00061163,tuilerie,La Coulonche,61124,https://inventaire-patrimoine.normandie.fr/dossier/c4644856-fe7e-4b15-bb98-ef5fe1b27555
IA00061164,"usine de chaux dite Société des Produits Chimiques d'Ecouché, puis Société des Chaux et Engrais d'Ecouché",Écouché,61153,https://inventaire-patrimoine.normandie.fr/dossier/2a4d542a-1357-46f7-ae07-c36b9c0199d1
IA00061165,usine de chaux,Écouché,61153,https://inventaire-patrimoine.normandie.fr/dossier/15e416ab-2849-4912-a7cd-68f31987dcef
IA00061166,cidrerie distillerie dite cidrerie distillerie Pépin,Écouché,61153,https://inventaire-patrimoine.normandie.fr/dossier/a1a400fd-3841-4653-a97b-df83a755edee
IA00061167,moulin à farine,Médavy,61256,https://inventaire-patrimoine.normandie.fr/dossier/92bb7459-a62c-4108-934c-15456fbc3a02
IA00061168,moulin à farine,Nonant-le-Pin,61310,https://inventaire-patrimoine.normandie.fr/dossier/9850ea9f-77d8-4d11-9179-067c3047291f
IA00061169,scierie Marcel et Cie,Orgères,61317,https://inventaire-patrimoine.normandie.fr/dossier/68cb8763-2218-4131-846a-292bbcdf73f3
IA00061170,moulin à farine,Orville,61320,https://inventaire-patrimoine.normandie.fr/dossier/a38b6d1d-ff7b-493d-ba19-80480d3eec81
IA00061171,"haut fourneau, fonderie",Pontchardon,61333,https://inventaire-patrimoine.normandie.fr/dossier/1747b4e8-27f6-4bc5-82dd-5ec1157afffb
IA00061172,"usine de fabrication des métaux, moulin",Putanges-Pont-Écrepin,61339,https://inventaire-patrimoine.normandie.fr/dossier/350abca5-e658-4a75-a79c-4153a3f4cbe5
IA00061173,usine d'extraction,Nécy,61303,https://inventaire-patrimoine.normandie.fr/dossier/b139a65a-22c9-4a7d-8ec1-90be68a38647
IA00061174,"fenderie, moulin à blé",Montmerrei,61288,https://inventaire-patrimoine.normandie.fr/dossier/ad7f8666-1272-420a-bfef-208adc638206
IA00061175,tannerie,Le Merlerault,61275,https://inventaire-patrimoine.normandie.fr/dossier/9d8fc8db-1efa-43da-b0c8-3111b1b85952
IA00061176,"fromagerie industrielle, haras",Courménil,61131,https://inventaire-patrimoine.normandie.fr/dossier/5c0c719e-4f21-4b12-86a4-be055639fbd5
IA00061177,fromagerie industrielle,Chambois,61083,https://inventaire-patrimoine.normandie.fr/dossier/ba59eddf-ff3a-4f01-8043-7471ffd85054
IA00061178,moulin à farine,Le Château-d'Almenêches,61101,https://inventaire-patrimoine.normandie.fr/dossier/73e981b5-cb79-4e06-9308-304f5e06a260
IA00061179,imprimerie,Flers,61169,https://inventaire-patrimoine.normandie.fr/dossier/f0494843-26ec-42e0-bbf4-8080825095af
IA00061180,usine de confection,Flers,61169,https://inventaire-patrimoine.normandie.fr/dossier/61fb0335-994b-405b-b856-3656ce4464c5
IA00061181,usine d'articles en caoutchouc,Flers,61169,https://inventaire-patrimoine.normandie.fr/dossier/b29aae84-af18-4631-9cf4-93b723417003
IA00061182,usine de serrurerie,Flers,61169,https://inventaire-patrimoine.normandie.fr/dossier/4259792c-93a9-4c04-84d8-f247dde73c2f
IA00061183,fonderie Fauvel,Flers,61169,https://inventaire-patrimoine.normandie.fr/dossier/a309be3b-bd36-4e58-9477-3d40c013effb
IA00061184,fonderie des Rochettes,Flers,61169,https://inventaire-patrimoine.normandie.fr/dossier/a6ab735f-2409-4c1b-87d6-6e2e2125973e
IA00061185,"distillerie, cidrerie",Gacé,61181,https://inventaire-patrimoine.normandie.fr/dossier/2d0b8b65-128a-41b8-84ea-f7e285191de0
IA00061186,usine de transformation des métaux,Messei,61278,https://inventaire-patrimoine.normandie.fr/dossier/6ed31cec-86d1-4f1f-907a-11a00a5fb38c
IA00061187,"affinerie, moulin à farine",Larchamp,61223,https://inventaire-patrimoine.normandie.fr/dossier/699c57f0-e01e-41d9-b930-84b8d7fa8b8f
IA00061188,fenderie de fer,Larchamp,61223,https://inventaire-patrimoine.normandie.fr/dossier/09e650e5-9c9f-4eb4-b94b-33919a83410b
IA00061189,moulin à farine,Flers,61169,https://inventaire-patrimoine.normandie.fr/dossier/39a27714-3083-43ee-92c0-69995cdaa3a8
IA00061190,filature,Saint-Pierre-du-Regard,61447,https://inventaire-patrimoine.normandie.fr/dossier/70887682-2e05-4379-8508-48715db32ccd
IA00061191,tissage,Saint-Georges-des-Groseillers,61391,https://inventaire-patrimoine.normandie.fr/dossier/7d8065d7-1e45-4b91-a03a-de2e1cff3468
IA00061192,moulin à farine,Saint-Loyer-des-Champs,61417,https://inventaire-patrimoine.normandie.fr/dossier/b29f7a1a-e314-4639-a3ed-1b832661a43c
IA00061193,briqueterie,Saint-Nicolas-des-Laitiers,61434,https://inventaire-patrimoine.normandie.fr/dossier/beba1c2b-c9f0-4446-96b0-bc38776f6c30
IA00061194,tuilerie Sans Pareil,Sévigny,61472,https://inventaire-patrimoine.normandie.fr/dossier/9951dd86-5305-45e0-bdb4-2327005bd36e
IA00061195,moulin à farine,Sevrai,61473,https://inventaire-patrimoine.normandie.fr/dossier/7ebcc0dc-dce8-474f-81ad-36bb44b1c41d
IA00061196,moulin à farine,Ticheville,61485,https://inventaire-patrimoine.normandie.fr/dossier/163d7741-afdb-4087-9199-5d0f98975646
IA00061197,tuilerie,Trun,61494,https://inventaire-patrimoine.normandie.fr/dossier/82ece625-4edb-4a32-9547-9305a585b7d1
IA00061198,usine de confection,Saint-Georges-des-Groseillers,61391,https://inventaire-patrimoine.normandie.fr/dossier/5e90b6f8-af9a-4a95-bff4-17259c8e51e7
IA00061199,fromagerie industrielle,Saint-Georges-des-Groseillers,61391,https://inventaire-patrimoine.normandie.fr/dossier/d2e40e28-1bce-4663-b0b1-a1d187703ccc
IA00061200,cité ouvrière,La Ferrière-aux-Étangs,61163,https://inventaire-patrimoine.normandie.fr/dossier/66d20efd-da21-4629-a916-af31169501dc
IA00061201,cité ouvrière,La Ferrière-aux-Étangs,61163,https://inventaire-patrimoine.normandie.fr/dossier/88db30e7-e1d6-455f-bdb1-1e8df396a1e4
IA00061202,usine d'extraction,La Ferrière-aux-Étangs,61163,https://inventaire-patrimoine.normandie.fr/dossier/66d0a00e-32b7-4c86-8bf8-53ff925f1760
IA00061203,moulin à farine,Domfront,61145,https://inventaire-patrimoine.normandie.fr/dossier/5f52703f-f04a-4fcb-ae05-4d0e785b38f7
IA00062725,usine liée au travail du bois,Le Château-d'Almenêches,61101,https://inventaire-patrimoine.normandie.fr/dossier/49e5b7dc-d567-484c-ae8e-30a071d64f6f
IA61001399,les fromageries industrielles disparues de l'Orne,,,https://inventaire-patrimoine.normandie.fr/dossier/2cbba5e5-db84-440b-b412-b7be1a7308fe
