type,reference_source,site_candidat_reference,score_texte,distance_m,motif,decision
casias,BNO6100001,IA00061186,55,124.8,candidat_insuffisant_pour_rattachement_automatique,confirme_apres_revue
casias,BNO6100008,IA00060961,46,221.0,candidat_insuffisant_pour_rattachement_automatique,confirme_apres_revue
casias,BNO6100037,IA00061165,67,304.7,candidat_insuffisant_pour_rattachement_automatique,confirme_apres_revue
casias,BNO6100145,IA00061154,40,370.7,candidat_insuffisant_pour_rattachement_automatique,rejete_apres_revue
casias,BNO6100147,IA00061114,73,801.1,candidat_insuffisant_pour_rattachement_automatique,maintenu_ambigu_apres_revue
casias,BNO6100228,IA00060969,19,85.5,candidat_insuffisant_pour_rattachement_automatique,confirme_apres_revue
casias,BNO6100341,IA00061147,80,,candidat_insuffisant_pour_rattachement_automatique,confirme_apres_revue
casias,BNO6100405,IA00061149,0,7.0,candidat_insuffisant_pour_rattachement_automatique,maintenu_ambigu_apres_revue
casias,BNO6100427,IA00061153,67,128.6,candidat_insuffisant_pour_rattachement_automatique,confirme_apres_revue
casias,BNO6100481,IA00061086,44,79.4,candidat_insuffisant_pour_rattachement_automatique,confirme_apres_revue
casias,BNO6100504,IA00061048,0,303.9,candidat_insuffisant_pour_rattachement_automatique,rejete_apres_revue
casias,BNO6100516,IA00060885,67,294.7,candidat_insuffisant_pour_rattachement_automatique,confirme_apres_revue
casias,BNO6100519,IA00061093,80,826.1,candidat_insuffisant_pour_rattachement_automatique,confirme_apres_revue
casias,BNO6100530,IA00061053,57,170.9,candidat_insuffisant_pour_rattachement_automatique,confirme_apres_revue
casias,BNO6100533,IA00061053,27,145.9,candidat_insuffisant_pour_rattachement_automatique,confirme_apres_revue
casias,BNO6100541,IA00061138,73,1505.5,candidat_insuffisant_pour_rattachement_automatique,confirme_apres_revue
casias,BNO6100683,IA00060896,75,,candidat_insuffisant_pour_rattachement_automatique,confirme_apres_revue
casias,BNO6100684,IA00060893,55,104.3,candidat_insuffisant_pour_rattachement_automatique,confirme_apres_revue
casias,BNO6100689,IA00060903,75,,candidat_insuffisant_pour_rattachement_automatique,confirme_apres_revue
casias,BNO6100697,IA00060906,36,51.3,candidat_insuffisant_pour_rattachement_automatique,confirme_apres_revue
casias,BNO6100704,IA00060888,12,244.7,candidat_insuffisant_pour_rattachement_automatique,confirme_apres_revue
casias,BNO6100720,IA00061171,32,55.6,candidat_insuffisant_pour_rattachement_automatique,confirme_apres_revue
casias,BNO6100784,IA00060899,38,65.8,candidat_insuffisant_pour_rattachement_automatique,confirme_apres_revue
casias,BNO6100828,IA00060935,0,11.6,candidat_insuffisant_pour_rattachement_automatique,maintenu_ambigu_apres_revue
casias,BNO6100835,IA00060911,80,,candidat_insuffisant_pour_rattachement_automatique,confirme_apres_revue
casias,BNO6100856,IA00061179,60,215.8,candidat_insuffisant_pour_rattachement_automatique,confirme_apres_revue
casias,BNO6100858,IA00061181,45,260.7,candidat_insuffisant_pour_rattachement_automatique,confirme_apres_revue
casias,BNO6100862,IA00061183,89,,candidat_insuffisant_pour_rattachement_automatique,confirme_apres_revue
casias,BNO6100883,IA00061183,80,,candidat_insuffisant_pour_rattachement_automatique,confirme_apres_revue
casias,BNO6100904,IA00061043,80,,candidat_insuffisant_pour_rattachement_automatique,confirme_apres_revue
casias,BNO6101000,IA00061183,89,,candidat_insuffisant_pour_rattachement_automatique,confirme_apres_revue
casias,BNO6101004,IA00061041,75,,candidat_insuffisant_pour_rattachement_automatique,confirme_apres_revue
casias,BNO6101017,IA00061133,0,428.5,candidat_insuffisant_pour_rattachement_automatique,maintenu_ambigu_apres_revue
casias,BNO6101183,IA00060984,80,,candidat_insuffisant_pour_rattachement_automatique,confirme_apres_revue
casias,BNO6101268,IA00061087,67,214.3,candidat_insuffisant_pour_rattachement_automatique,confirme_apres_revue
casias,BNO6101305,IA00061123,0,42.1,candidat_insuffisant_pour_rattachement_automatique,maintenu_ambigu_apres_revue
casias,BNO6101306,IA00061013,43,74.0,candidat_insuffisant_pour_rattachement_automatique,confirme_apres_revue
casias,BNO6101311,IA00060948,29,353.4,candidat_insuffisant_pour_rattachement_automatique,maintenu_ambigu_apres_revue
casias,BNO6101312,IA00060964,77,291.2,candidat_insuffisant_pour_rattachement_automatique,confirme_apres_revue
casias,BNO6101317,IA00060894,88,101.4,candidat_insuffisant_pour_rattachement_automatique,confirme_apres_revue
casias,BNO6101318,IA00061165,46,71.6,candidat_insuffisant_pour_rattachement_automatique,confirme_apres_revue
casias,BNO6101320,IA00061182,73,108.1,candidat_insuffisant_pour_rattachement_automatique,confirme_apres_revue
casias,BNO6101321,IA00060983,75,418.3,candidat_insuffisant_pour_rattachement_automatique,maintenu_ambigu_apres_revue
casias,BNO6101324,IA00060949,73,508.5,candidat_insuffisant_pour_rattachement_automatique,confirme_apres_revue
casias,BNO6101338,IA00061024,73,125.9,candidat_insuffisant_pour_rattachement_automatique,confirme_apres_revue
casias,BNO6101342,IA00060947,86,166.9,candidat_insuffisant_pour_rattachement_automatique,confirme_apres_revue
casias,BNO6101345,IA00061158,89,233.7,candidat_insuffisant_pour_rattachement_automatique,confirme_apres_revue
casias,BNO6101359,IA00061166,20,163.1,candidat_insuffisant_pour_rattachement_automatique,rejete_apres_revue
casias,BNO6101482,IA00061043,73,,candidat_insuffisant_pour_rattachement_automatique,confirme_apres_revue
casias,BNO6101600,IA00060970,73,,candidat_insuffisant_pour_rattachement_automatique,confirme_apres_revue
casias,BNO6101946,IA00060957,0,420.1,candidat_insuffisant_pour_rattachement_automatique,rejete_apres_revue
casias,BNO6101947,IA00060955,17,286.8,candidat_insuffisant_pour_rattachement_automatique,confirme_apres_revue
casias,BNO6101998,IA00061133,0,466.5,candidat_insuffisant_pour_rattachement_automatique,rejete_apres_revue
casias,BNO6102006,IA00061130,40,150.0,candidat_insuffisant_pour_rattachement_automatique,confirme_apres_revue
casias,BNO6102035,IA00060918,0,311.3,candidat_insuffisant_pour_rattachement_automatique,rejete_apres_revue
casias,BNO6102195,IA00061134,0,321.7,candidat_insuffisant_pour_rattachement_automatique,rejete_apres_revue
casias,BNO6102196,IA00060895,86,152.3,candidat_insuffisant_pour_rattachement_automatique,confirme_apres_revue
casias,BNO6102198,IA00060884,42,188.1,candidat_insuffisant_pour_rattachement_automatique,confirme_apres_revue
casias,0005302468,IA00060969,0,144.3,candidat_insuffisant_pour_rattachement_automatique,maintenu_ambigu_apres_revue
casias,0005302231,IA00060908,0,408.9,candidat_insuffisant_pour_rattachement_automatique,rejete_apres_revue
casias,0005302373,IA00061166,20,229.9,candidat_insuffisant_pour_rattachement_automatique,rejete_apres_revue
casias,0100035653,IA00061157,0,237.1,candidat_insuffisant_pour_rattachement_automatique,rejete_apres_revue
