site_id,reference_ia,reference_casias,nom_casias,adresse_casias,distance_m,score_texte,statut,usage
b5a1e06b-7ded-4601-a417-a8d86d1eb57b,IA00060889,BNO6100013,FAURECIA,59 rue ANDRE Lethard,1.7,27,recoupement_confirme,recoupement_uniquement
0bca4639-749a-4699-8d76-4438d262a69b,IA00061127,BNO6100055,USINE MOULINEX,25 rue commerce du,68.0,75,recoupement_confirme,recoupement_uniquement
ca2f91ac-a044-424e-9b8f-44a5cc23bc9f,IA00061055,BNO6100143,USINE DE GONDRILLER,"lieu dit ""Les Gondrillers""",38.9,40,recoupement_confirme,recoupement_uniquement
3cd6efff-908d-40af-b51b-2fac47cd8763,IA00061059,BNO6100144,TREFILERIE DE  POUDCILLIEUX,"lieu dit ""Le moulin de la chaise""",10.8,80,recoupement_confirme,recoupement_uniquement
be1c19ae-3062-4f64-b8db-602ab713f052,IA00061113,BNO6100146,EMPOINTERIE D ORGUILLERIE DITE USINE DE LA BATTERIE,lieu dit Le moulin à tan,30.9,72,recoupement_confirme,recoupement_uniquement
c0499679-8ce8-4a4c-97b1-e72762eda039,IA00061154,BNO6100149,TREFILERIE DE LA FOSSE,"lieu dit ""La Fosse""",34.1,67,recoupement_confirme,recoupement_uniquement
a922d44a-178e-4eee-a9f4-738e33f98216,IA00061114,BNO6100155,MOULIN DE BOUVIERS / TREFILERIE / USINE DE QUINCAILLERIE,"lieu dit ""Le Bouviers""",7.7,71,recoupement_confirme,recoupement_uniquement
0bbe4bbc-3645-42cf-abe5-0b4065cb17cd,IA00061108,BNO6100185,,"lieu dit ""Chateau des Masselins""",5.8,50,recoupement_confirme,recoupement_uniquement
56194951-61d8-407b-9129-22f7b80ec643,IA00060973,BNO6100222,,43 route Isle de l',15.7,50,recoupement_confirme,recoupement_uniquement
8c9e1052-98ba-40dc-8669-58721805a1dd,IA00061115,BNO6100359,USINE D' IVERSAY,"lieu dit ""Yversay""",5.9,20,recoupement_confirme,recoupement_uniquement
c5f7957f-fc85-400a-8893-4312779450f9,IA00061143,BNO6100365,USINE BELLEVUE,"lieu dit ""La verrerie de Bellevue""",1.5,48,recoupement_confirme,recoupement_uniquement
b90dba0b-3e14-4b39-91ee-1db6eb1b2c04,IA00061112,BNO6100415,HAUT FOURNEAU DE RAINVILLE,"lieu dit ""Rainville""",1.8,67,recoupement_confirme,recoupement_uniquement
a8073274-ed87-48eb-8450-b809bb064c51,IA00061068,BNO6100439,HAUT FOURNEAU DU MOULIN-RENAULT (aujourd'hui RENAUD),"lieu dit ""Le moulin Renaud""",5.2,62,recoupement_confirme,recoupement_uniquement
f0f4f48f-f11c-4877-a62d-b28b0349b1bc,IA00061015,BNO6100502,USINE ABADIE,"lieu dit ""Le moulin de Male""",8.0,59,recoupement_confirme,recoupement_uniquement
2b6d576e-11fb-4af4-85ba-dc1b950a731d,IA00060938,BNO6100515,BARRAGE DE RABODANGES,PLESSIS le,38.4,44,recoupement_confirme,recoupement_uniquement
2f3e86c1-08b4-4131-9a06-8f30764843cb,IA00061135,BNO6100520,FONDERIE DE FONTE,"lieu dit ""la Cernetterie""",20.9,33,recoupement_confirme,recoupement_uniquement
9beebeaf-590c-4229-bcbd-0e69bf5b332a,IA00060943,BNO6100524,TREFILERIE DE SAINTE COLOMBE,farcière la,28.5,34,recoupement_confirme,recoupement_uniquement
1c4f103a-7001-43d0-a693-db8e1bce1f97,IA00061144,BNO6100534,EURO-FAC-ALUTEAM; usine de CORRU,"lieu dit ""Corru""",1.5,40,recoupement_confirme,recoupement_uniquement
6c67e9dd-5602-439e-b43a-f5d274f28774,IA00061094,BNO6100546,FORGES DE GAILLON DE RANDONNAI,"lieu dit ""Les Gaillons""",48.9,53,recoupement_confirme,recoupement_uniquement
b48a1877-edbc-4e07-8c90-b24a63cb96e0,IA00061106,BNO6100547,FONDERIE,18 route Sainte Anne,83.3,56,recoupement_confirme,recoupement_uniquement
01ebeb26-7c8d-405f-a7a1-25ed714ed730,IA00061084,BNO6100566,USINE à GAZ,48 rue St Barthélemy,25.8,71,recoupement_confirme,recoupement_uniquement
2531b4fb-10c7-410c-abe6-43a99bad7134,IA00061040,BNO6100678,USINE FERODO/VALEO DES VAUX DE VERE,lieu dit Vaux de Vere (Les),35.6,53,recoupement_confirme,recoupement_uniquement
fd956db5-3915-4c35-92d0-9e93ebcdc54c,IA00060892,BNO6100699,FILATURE DU SUIES DE LA FERTE,bateau est le,17.1,57,recoupement_confirme,recoupement_uniquement
28f1caa8-c487-4c15-92ea-1895882b9501,IA00060925,BNO6100776,USINE DE QUINCAILLERIE,8 boulevard Nord du,18.7,100,recoupement_confirme,recoupement_uniquement
72525cce-f9eb-43bb-8d49-10d251040355,IA00061097,BNO6100825,,"lieu dit ""La Monnerie""",46.6,24,recoupement_confirme,recoupement_uniquement
728f3955-47bf-40d4-89bf-1b26eeda0ffa,IA00061184,BNO6100854,FONDERIE DES ROCHETTES /Ste SONOFOCLE,69 rue champ de foire du (anc. 32 rue des Rochettes),38.4,82,recoupement_confirme,recoupement_uniquement
4d37018d-8807-40df-ae88-681c2bf85b2e,IA00061183,BNO6100855,FONDERIE FAUVEL,rue fonderie de la,90.2,100,recoupement_confirme,recoupement_uniquement
d85368f9-7231-4cc2-bba0-84df5bb671f8,IA00060953,BNO6101021,USINE D'APPAREILS DE LEVAGE ET DE MANUTENTION,route Alençon  d',21.3,86,recoupement_confirme,recoupement_uniquement
f964475a-ef1a-49fa-9866-352aafa3a71c,IA00061146,BNO6101058,LE MOULIN NEUF EMPOINTERIE D'AIGUILLES / TREFILERIE,"lieu dit ""le moulin de la foulerie""",5.7,60,recoupement_confirme,recoupement_uniquement
c42b9b6b-73d1-4e54-baa3-1d274074b40b,IA00061017,BNO6101060,HAUT FOURNEAU DE LOGEARD,"lieu dit ""Logeard""",31.3,67,recoupement_confirme,recoupement_uniquement
4e6a7ff4-f320-4c5c-9f8d-3ccb9e689383,IA00061018,BNO6101068,TANNERIE,lieu dit fabrique à papier de la - la tannerie,26.9,47,recoupement_confirme,recoupement_uniquement
43d7512d-7196-4864-bc90-64b3b3474bce,IA00061029,BNO6101086,AFFINERIE,"lieu dit ""La Forge""",23.7,75,recoupement_confirme,recoupement_uniquement
5e003985-f033-4a73-88b2-c1bf15acb966,IA00060988,BNO6101103,Ste Industrielle de Fourniture en machines (anciennement USINE DE MATERIEL D'EQUIPEMENT INDUSTRIEL),"lieu dit ""La Petite Forge""",26.3,64,recoupement_confirme,recoupement_uniquement
017109cc-6c4f-4dfb-b83d-1b5952486358,IA00060986,BNO6101175,USINE DE BLANCHIMENT,rue Pierre Neveu,17.3,100,recoupement_confirme,recoupement_uniquement
9bc4a8a2-5e5e-4fe9-9be4-736f4e1f8773,IA00061104,BNO6101283,VERRERIE DE GAST,"lieu dit ""La verrerie du Gast""",57.5,71,recoupement_confirme,recoupement_uniquement
cb755e85-f0c2-4883-a32b-06919fed37bd,IA00060975,BNO6101293,IMPRIMERIE,11 rue halle aux toiles de la,49861.0,100,recoupement_confirme,recoupement_uniquement
f7b9e26f-4dd7-428f-a7e8-659c432904af,IA00061002,BNO6101294,IMPRIMERIE ALENCONNAISE,19 Place poulet malassis,22.5,100,recoupement_confirme,recoupement_uniquement
b7b4d37e-d799-47c2-b0d2-01996bc549c5,IA00061049,BNO6101295,FONDERIE,6 rue Desaix,114.8,100,recoupement_confirme,recoupement_uniquement
eb0b9029-b833-4e0c-8256-73a7b9c17087,IA00061083,BNO6101296,FONDERIE USINE DE BLANCHIMENT,15 rue jetées des,30.6,88,recoupement_confirme,recoupement_uniquement
f6ec7aea-7521-4e53-b45c-f79f6fb0e189,IA00061078,BNO6101297,ETS FAIUS Paul et Cie (anciennement USINE DE QUINCAILLERIE),16 rue pont du moulin du,45.5,61,recoupement_confirme,recoupement_uniquement
eee51fbb-a9c1-4e87-ad92-7d843640980e,IA00061050,BNO6101298,USINE DE QUINCAILLERIE,2 bis rue tanneurs des,62.1,80,recoupement_confirme,recoupement_uniquement
ae3aa777-9d3d-4358-8c29-e5abe97af309,IA00061077,BNO6101299,USINE DE QUINCAILLERIE,"lieu dit ""Merouvel""",38.5,80,recoupement_confirme,recoupement_uniquement
38124217-8a29-4ed9-915b-1a3650a58da5,IA00061076,BNO6101300,USINE DE QUINCAILLERIE,"lieu dit ""les Haies""",51.2,83,recoupement_confirme,recoupement_uniquement
1aa3962f-5ea3-4b0b-84c5-20108aea6536,IA00061125,BNO6101301,MOULIN A FOULON/ MOULIN A TOILE,,91.2,89,recoupement_confirme,recoupement_uniquement
6e05fc2d-213c-4d46-b879-9a04b6020902,IA00060974,BNO6101303,IMPRIMERIE,25 rue Demées,46.2,80,recoupement_confirme,recoupement_uniquement
d615bad7-4d73-4578-a35c-ca020742e307,IA00061051,BNO6101304,,"lieu dit ""Le moulin d'Aubette""",45.4,62,recoupement_confirme,recoupement_uniquement
e5ebab1d-8294-433a-a817-fc3a89deab3e,IA00061129,BNO6101307,,"lieu dit ""La Fenderie""",29.6,57,recoupement_confirme,recoupement_uniquement
6126ffa2-5e97-416c-99d7-1186381b3b8b,IA00061026,BNO6101308,,73 route Paris de,4.6,44,recoupement_confirme,recoupement_uniquement
6ca6edd3-97b4-4e7e-b1fe-d4b4fecfa330,IA00061134,BNO6101310,,"lieu dit ""Grosse Forge""",18.2,36,recoupement_confirme,recoupement_uniquement
d7b0b9b0-6817-4057-8535-3ce9b61ed857,IA00060965,BNO6101313,AFFINERIE / MOULIN A BLE,"lieu dit ""La Forge""",1.3,86,recoupement_confirme,recoupement_uniquement
7ec3d0fb-2b31-4906-a232-ae2e8a365a62,IA00060948,BNO6101314,FENDERIE DE FER,"lieu dit ""La Fendrie""",30.8,83,recoupement_confirme,recoupement_uniquement
73c817a1-f5bd-43d4-8a29-634f8077ad17,IA00060923,BNO6101316,TREFILERIE,"lieu dit ""Le moulin de Launay""",35.4,83,recoupement_confirme,recoupement_uniquement
f1ddbe91-0560-4ed5-8667-6ac4cd8aa1d4,IA00060898,BNO6101319,,avenue Libération de la,43.9,62,recoupement_confirme,recoupement_uniquement
4879c1bd-bc4f-47d5-a91d-382a99bde1d2,IA00061103,BNO6101322,FENDERIE,la fenderie,1.2,67,recoupement_confirme,recoupement_uniquement
32d50c02-8628-4d77-b806-69ec2a221002,IA00061088,BNO6101323,TREFILERIE DE BROCHARD,"lieu dit ""Les Larry""",8.4,62,recoupement_confirme,recoupement_uniquement
16835d7e-5f4a-4d48-afa6-05003824a691,IA00060908,BNO6101325,MINE DE FER,,799.4,100,recoupement_confirme,recoupement_uniquement
c160a3e4-5fde-4683-b1a4-5487b1c43eec,IA00061188,BNO6101326,FENDERIE DE FER,"lieu dit ""Le moulin de Larchamp""",24.6,86,recoupement_confirme,recoupement_uniquement
74afaa7d-8d08-4318-a740-55c8b180c4d7,IA00061089,BNO6101327,USINE DE FLACONNAGE,"lieu dit ""La Cellerie""",66.0,83,recoupement_confirme,recoupement_uniquement
31435f32-c5e1-4e87-9162-c08e37be9853,IA00061138,BNO6101329,MOULIN A FARINE,"lieu dit ""le moulin de porte""",0.9,71,recoupement_confirme,recoupement_uniquement
4f70d230-f68a-408b-a00f-b417bbf09b10,IA00061172,BNO6101330,USINE DE FABRICATION DE MATAUX / MOULIN,rue Forge de la,31.9,82,recoupement_confirme,recoupement_uniquement
9382078d-2dc8-4a31-9935-26363a723370,IA00061105,BNO6101331,HAUT FOURNEAU / MOULIN A BLE,"lieu dit ""La motte rouge""",13.2,89,recoupement_confirme,recoupement_uniquement
8ceb4e40-458c-41c2-b5f5-563217bf3943,IA00061174,BNO6101332,FENDERIE / MOULIN A BLE,"lieu dit ""La fenderie""",13.4,83,recoupement_confirme,recoupement_uniquement
67b195fb-fcc9-44c5-9d47-732d308d9bdf,IA00061048,BNO6101333,FONDERIE,"lieu dit ""l'écu""",9.4,43,recoupement_confirme,recoupement_uniquement
2cb6316a-379f-4046-927c-f26476f5a107,IA00061092,BNO6101334,VERRERIE DE SAINT EVROULT NOTRE DAME DU BOIS,,38.4,18,recoupement_confirme,recoupement_uniquement
3495d47b-0c8f-45b9-866b-dcc3357542e7,IA00060901,BNO6101335,AFFINERIE DE FER,"lieu dit ""La Forge""",94.8,83,recoupement_confirme,recoupement_uniquement
0250e305-e20e-4249-b7c7-5eeece3046a5,IA00060960,BNO6101336,AFFINERIE / FILATURE,"lieu dit ""La Forge""",9.8,80,recoupement_confirme,recoupement_uniquement
7606b628-676b-4b92-b1f6-d9889ada3994,IA00061159,BNO6101339,USINE A GAZ,"lieu dit "" La gare""",18.5,83,recoupement_confirme,recoupement_uniquement
4d1cc2e0-20de-4869-9296-0101922e86af,IA00061025,BNO6101340,AFFINERIE,"lieu dit ""La Forge""",21.5,55,recoupement_confirme,recoupement_uniquement
3b2da87c-4fdb-4e4e-a224-1da0a2842379,IA00060962,BNO6101341,AFFINERIE DE FER,"lieu dit ""La Forge""",32.7,71,recoupement_confirme,recoupement_uniquement
46d6dfbf-61d6-4548-bb60-33b5bb087cc5,IA00060946,BNO6101343,AFFINERIE DE FER,"lieu dit ""La forge de Cosse""",10.8,86,recoupement_confirme,recoupement_uniquement
fdf96df3-c8bc-4d56-9e29-5da505a6ecaa,IA00061096,BNO6101344,FENDERIE,"lieu dit ""Conturbie""",69.6,67,recoupement_confirme,recoupement_uniquement
1bb9490a-3894-4352-9ad1-e9e87940fdf7,IA00061081,BNO6101346,MOULIN DE FEUGEROUX / TREFILERIE BIGOT,,7.1,71,recoupement_confirme,recoupement_uniquement
ce0a98a1-4910-4b8e-b1ee-89b08b6180f4,IA00061019,BNO6101347,MOULIN A FARINE / TREFILERIE,"lieu dit ""le moulin de Saint Hilaire""",7.8,82,recoupement_confirme,recoupement_uniquement
9a7a01d8-6f88-44e1-af13-a5bbb55ece49,IA00061057,BNO6101348,MOULIN A FARINE,,68.9,100,recoupement_confirme,recoupement_uniquement
c15f9716-15b4-40fc-96c9-d226bab4a4da,IA00061139,BNO6101349,USINE DE FABRICATION DES METAUX / MOULIN A PAPIER,"lieu dit ""la Forge""",54.5,91,recoupement_confirme,recoupement_uniquement
2bd5d18b-0875-4d3d-9160-529bbcc5c178,IA00061141,BNO6101350,MOULIN A PAPIER,"lieu dit ""Le moulin neuf""",52.6,83,recoupement_confirme,recoupement_uniquement
63b49a6d-39aa-47da-aa3e-14617e033388,IA00061195,BNO6101351,,"lieu dit ""Udon""",18.4,29,recoupement_confirme,recoupement_uniquement
12c40cb4-b71f-4ab4-9f79-cc149606da29,IA00060927,BNO6101352,MOULIN DE ROCHEFORT,"lieu dit ""Les Landes""",1.6,71,recoupement_confirme,recoupement_uniquement
40859c52-dbd7-4213-b193-8b5622fc3975,IA00060926,BNO6101353,USINE DE FERBLANTERIE / USINE DE SERRURERIE,11 rue ponts aux,19.5,71,recoupement_confirme,recoupement_uniquement
ea0139ec-b78b-4b97-b6d0-e1ca7dbe4cc5,IA00060930,BNO6101354,MOULI A FARINE / USINE DE QUINCAILLERIE,Sous la tour,11.1,89,recoupement_confirme,recoupement_uniquement
42ed31f5-39c0-4a3a-b3ed-02b42fe44cce,IA00060928,BNO6101355,USINE DE QUINCAILLERIE,"lieu dit ""Le moulin noir""",1.8,77,recoupement_confirme,recoupement_uniquement
9cad2cb0-44df-4940-a200-af0a221f3fbb,IA00061101,BNO6101356,HAUT FOUNEAU / MOULIN A BLE,"lieu dit ""La Fonte""",9.5,75,recoupement_confirme,recoupement_uniquement
48ce59ce-bc18-44b6-b31e-c966cf05a6f9,IA00061160,BNO6101357,TREFILERIE,"lieu dit ""La Forge""",59.4,60,recoupement_confirme,recoupement_uniquement
d7e13953-e05f-4318-9740-0f1d6f3375c4,IA00060918,BNO6101358,USINE DE JOUETS,34 rue République de la,35.8,86,recoupement_confirme,recoupement_uniquement
6365d6cf-c798-40d4-b227-be197294236d,IA00061005,BNO6101361,USINE BOULENGER,112 avenue Quakenbrück (de),34.9,67,recoupement_confirme,recoupement_uniquement
b52afb9d-061b-4d92-a4ed-e719df476a6b,IA00060884,BNO6102197,USINE FERODO/VALEO DE LA MARTINIQUE,lieu dit La Martinique,44.9,25,recoupement_confirme,recoupement_uniquement
e86d2f1c-0c5f-4b83-a187-ad29a3ad76b7,IA00061190,BNO6102200,USINE FERODO / VALEO DU BARONNET,lieu dit Le Baronnet,31.8,36,recoupement_confirme,recoupement_uniquement
97610880-9044-426a-9abb-a8676516f8f5,IA00061186,BNO6100001,USINE DE MESSEI,gare,124.8,55,recoupement_confirme_apres_revue,recoupement_uniquement
9a2fa262-bc53-45ef-8970-dce2042b95db,IA00060961,BNO6100008,MINE DE HALOUZE,forêt de Halouze,221.0,46,recoupement_confirme_apres_revue,recoupement_uniquement
73df6396-8954-4f34-b31e-ee813226fd1f,IA00061165,BNO6100037,USINE DE CHAUX,route Boucé de,304.7,67,recoupement_confirme_apres_revue,recoupement_uniquement
4b0fcc92-f32b-4040-ae5d-32a4945b176a,IA00060969,BNO6100228,FILATURES ET TISSAGE D OZE,,85.5,19,recoupement_confirme_apres_revue,recoupement_uniquement
c528f629-8337-49c9-873c-75ecc067a7a3,IA00061147,BNO6100341,,gare la,,80,recoupement_confirme_apres_revue,recoupement_uniquement
b1136ddb-9fff-4209-8328-e5caed705388,IA00061153,BNO6100427,LES FORGES DE BEAUMONT,LA FORGE DE BEAUMONT,128.6,67,recoupement_confirme_apres_revue,recoupement_uniquement
188196b6-ebc1-408a-bb87-6328b3d7ef10,IA00061086,BNO6100481,USINE ABADIE,29 avenue Loges des (Route de Céton- rue de la vallée),79.4,44,recoupement_confirme_apres_revue,recoupement_uniquement
1d68b8c4-4bbb-4ed7-809b-ad78391d32a0,IA00060885,BNO6100516,,Breuil le,294.7,67,recoupement_confirme_apres_revue,recoupement_uniquement
017dbce1-a16d-41d6-8b60-c327e2bebb9c,IA00061093,BNO6100519,LE HAUT FOURNEAU DE GAILLON,"lieu dit ""les étangs""",826.1,80,recoupement_confirme_apres_revue,recoupement_uniquement
9300e852-d6d6-4398-bfb5-363747bb600b,IA00061053,BNO6100530,TREFILERIE DE BOISTHOREL,"""usine de Boisthorel""",170.9,57,recoupement_confirme_apres_revue,recoupement_uniquement
9300e852-d6d6-4398-bfb5-363747bb600b,IA00061053,BNO6100533,TREFIMETAUX,5 rue jardins des,145.9,27,recoupement_confirme_apres_revue,recoupement_uniquement
31435f32-c5e1-4e87-9162-c08e37be9853,IA00061138,BNO6100541,MOULIN A PAPIER DE RAI,,1505.5,73,recoupement_confirme_apres_revue,recoupement_uniquement
2ab6b065-4bf3-4956-a9c2-656c2f9cfbfa,IA00060896,BNO6100683,USINE DE FOURNEAUX,,,75,recoupement_confirme_apres_revue,recoupement_uniquement
78487171-b58c-4885-9672-52b862ae7cb9,IA00060893,BNO6100684,USINE DE ROCRAY,"lieu dit ""le Rocray""",104.3,55,recoupement_confirme_apres_revue,recoupement_uniquement
d062076d-60d7-4dcb-8670-ab7a6ec20243,IA00060903,BNO6100689,FILATURE,Prés Les,,75,recoupement_confirme_apres_revue,recoupement_uniquement
4f67a91d-1c7f-4a88-a4be-202d38d3f2e3,IA00060906,BNO6100697,USINE DES FONTAINES,lieu dit Les Fontaines,51.3,36,recoupement_confirme_apres_revue,recoupement_uniquement
d634054f-df5a-4153-a18e-b063f7eb51f0,IA00060888,BNO6100704,Maison de l'eau et du Paysage,Chemin SEGREE de,244.7,12,recoupement_confirme_apres_revue,recoupement_uniquement
42d37999-2512-40c9-91eb-a4992a82fd3c,IA00061171,BNO6100720,Ets  DE FONDERIE A FEU CONTINUE USINE DE St MARTIN DE PONTCHARDON,"lieu dit ""Saint Georges""",55.6,32,recoupement_confirme_apres_revue,recoupement_uniquement
14b937a9-57da-4b9e-ad9d-37505f481e07,IA00060899,BNO6100784,USINE A FER OU FORGES ET HAUT FOURNEAU DE RANES,"lieu dit ""Le fourneau""",65.8,38,recoupement_confirme_apres_revue,recoupement_uniquement
a73fcba8-9fc8-4c1f-b37a-6fb818a08192,IA00060911,BNO6100835,,Touche la,,80,recoupement_confirme_apres_revue,recoupement_uniquement
e4c0ab6a-a37f-4cce-ae44-e86e75acef0a,IA00061179,BNO6100856,,20 rue Jules Gevelot FLERS,215.8,60,recoupement_confirme_apres_revue,recoupement_uniquement
d6f2b6b0-c018-4336-a8c0-3f29c4be718f,IA00061181,BNO6100858,USINE DE CAOUTCHOUC MANUFACTURE,84 rue Abbé Lecornu FLERS de l',260.7,45,recoupement_confirme_apres_revue,recoupement_uniquement
4d37018d-8807-40df-ae88-681c2bf85b2e,IA00061183,BNO6100862,,rue Fonderie de la,,89,recoupement_confirme_apres_revue,recoupement_uniquement
4d37018d-8807-40df-ae88-681c2bf85b2e,IA00061183,BNO6100883,,1 rue fonderie de la,,80,recoupement_confirme_apres_revue,recoupement_uniquement
9551fd35-5196-425b-885d-d81b3479651b,IA00061043,BNO6100904,,113 rue chaussée de la,,80,recoupement_confirme_apres_revue,recoupement_uniquement
4d37018d-8807-40df-ae88-681c2bf85b2e,IA00061183,BNO6101000,,rue fonderie de la,,89,recoupement_confirme_apres_revue,recoupement_uniquement
abf570b9-087f-4c30-ad8f-9368b4be7490,IA00061041,BNO6101004,,rue parc du,,75,recoupement_confirme_apres_revue,recoupement_uniquement
c93150ce-a55a-43ec-bb66-5cbd16c2e38f,IA00060984,BNO6101183,,16 rue Pierre Neveu,,80,recoupement_confirme_apres_revue,recoupement_uniquement
7270f809-287c-48d8-9f67-7c5c42019b9c,IA00061087,BNO6101268,ANCIEN FOURNEAU DE LA FORGE DE LA ROCHE,"lieu dit ""Le Fourneau""",214.3,67,recoupement_confirme_apres_revue,recoupement_uniquement
e09b8595-3693-4a8b-862a-29bb51b66ba4,IA00061013,BNO6101306,,"lieu dit ""le moulin neuf""",74.0,43,recoupement_confirme_apres_revue,recoupement_uniquement
628b5841-d265-4efe-8fbf-e0f63652c2a7,IA00060964,BNO6101312,USINE DE FABRICATION DE METAUX,"lieu dit ""Varenne""",291.2,77,recoupement_confirme_apres_revue,recoupement_uniquement
b714582a-6489-4b64-8c34-2eab982876d7,IA00060894,BNO6101317,HAUT FOURNEAU / MOULIN A FARINE,"lieu dit ""Le moulin neuf""",101.4,88,recoupement_confirme_apres_revue,recoupement_uniquement
73df6396-8954-4f34-b31e-ee813226fd1f,IA00061165,BNO6101318,Quincaillerie (anciennement USINE DE CHAUX),16 rue pierre Trévin,71.6,46,recoupement_confirme_apres_revue,recoupement_uniquement
3d806bca-7cd4-4d43-b1f2-a529f7a1f16a,IA00061182,BNO6101320,,34 rue Henri Veniard,108.1,73,recoupement_confirme_apres_revue,recoupement_uniquement
9edcbc72-3d53-4ff8-b68b-e89dfe1f8c37,IA00060949,BNO6101324,FORGE DE LA ROCHE,,508.5,73,recoupement_confirme_apres_revue,recoupement_uniquement
eecbfaa3-35fa-488f-841f-08c92b88d293,IA00061024,BNO6101338,HAUT FOUNEAU / FONDERIE,"lieu dit ""Le Fourneau""",125.9,73,recoupement_confirme_apres_revue,recoupement_uniquement
0e9e1f19-8f5b-4d23-be23-d58413c607fc,IA00060947,BNO6101342,HAUT FOURNEAU DE LA VIE,"lieu dit ""Le Fourneau""",166.9,86,recoupement_confirme_apres_revue,recoupement_uniquement
d3b03277-ed43-4b02-83e5-34d59727d1b1,IA00061158,BNO6101345,AFFINERIE-TRFILERIE-USINE DE PRODUITS CHIMIQUES,rue Forge de la,233.7,89,recoupement_confirme_apres_revue,recoupement_uniquement
9551fd35-5196-425b-885d-d81b3479651b,IA00061043,BNO6101482,SODIFLERS,93 rue Chaussée de la,,73,recoupement_confirme_apres_revue,recoupement_uniquement
065c1945-2613-4616-b8f7-ec83d9e9936e,IA00060970,BNO6101600,,20 rue Saint Germain,,73,recoupement_confirme_apres_revue,recoupement_uniquement
d9cf0757-1f24-4232-9531-d707f43fb30a,IA00060955,BNO6101947,EURL BRADOCCASION,"""Etang de la Morette""",286.8,17,recoupement_confirme_apres_revue,recoupement_uniquement
ecb22379-17a1-4392-9101-2c34cfc7fb3e,IA00061130,BNO6102006,,"""Les fours à chaux""",150.0,40,recoupement_confirme_apres_revue,recoupement_uniquement
3bd3bff0-a53b-4411-a48e-76cad3750223,IA00060895,BNO6102196,Fonderie,6 avenue Industrie (de l'),152.3,86,recoupement_confirme_apres_revue,recoupement_uniquement
b52afb9d-061b-4d92-a4ed-e719df476a6b,IA00060884,BNO6102198,FERLAM ; aniciennement USINE FERODO/VALEO DE LA PETITE SUISSE,lieu dit La Petite Suisse,188.1,42,recoupement_confirme_apres_revue,recoupement_uniquement
