dossier_reference,origine,statut_traitement,statut_site,site_id,titre_source,communes_source,insee_source,adresses_source,lieux_dits_source,denominations_source,activites_codes,secteurs_codes,installations_codes,periodes_activite_codes,periodes_source_codes,localisation_statut_code,longitude_source,latitude_source,decision_rapprochement,dossier_url
IA00060896,pilote_30,enrichi_socle_v1,site_pilote_valide,2ab6b065-4bf3-4956-a9c2-656c2f9cfbfa,"filature, usine de chaussures",Cahan,61069,,Fourneaux,filature | usine de chaussures,filature_textile | fabrication_chaussures,textile_habillement_cuir,filature | usine,revolution_premiere_industrialisation | industrialisation_rail_vapeur | guerres_entre_deux_guerres,revolution_premiere_industrialisation | industrialisation_rail_vapeur | modernisation_apres_guerre,geometrie_approximative,-0.42778489906881867,48.86456213067169,aucun_rapprochement_requis_a_ce_stade,https://inventaire-patrimoine.normandie.fr/dossier/2e06c2e8-40c1-4f29-8de0-d56110552b0b
IA00060901,pilote_30,enrichi_socle_v1,site_pilote_valide,3495d47b-0c8f-45b9-866b-dcc3357542e7,affinerie de fer,Rânes,61344,,Forge (La),affinerie,affinage_metaux,metallurgie_travail_metaux,affinerie,avant_1789 | revolution_premiere_industrialisation,avant_1789 | revolution_premiere_industrialisation,geometrie_approximative,-0.192303752081454,48.62883233414116,aucun_rapprochement_requis_a_ce_stade,https://inventaire-patrimoine.normandie.fr/dossier/ffc46dae-bb00-47c6-bc9b-e0e9a3106f5a
IA00060902,pilote_30,enrichi_socle_v1,site_pilote_valide,57368564-3e33-4b35-9d3c-555a5cb0bbc1,"filature, fromagerie industrielle",Berjou,61044,,Fromagerie (La),filature | fromagerie industrielle,filature_textile | transformation_lait,agroalimentaire | textile_habillement_cuir,filature | fromagerie,revolution_premiere_industrialisation | industrialisation_rail_vapeur | guerres_entre_deux_guerres,revolution_premiere_industrialisation | industrialisation_rail_vapeur | modernisation_apres_guerre,geometrie_approximative,-0.4692362808837436,48.86744482145761,aucun_rapprochement_requis_a_ce_stade,https://inventaire-patrimoine.normandie.fr/dossier/0b920d52-7d2d-4bee-9310-ee086b212b57
IA00060909,pilote_30,enrichi_socle_v1,site_pilote_valide,3ae9aff0-231d-4365-a718-039b17021fc0,"distillerie, cidrerie, laiterie industrielle",Gacé,61181,Touque (rue de la),Planier (Le),distillerie | cidrerie | laiterie industrielle,distillation_alimentaire | production_cidre | transformation_lait,agroalimentaire,cidrerie | distillerie | laiterie,industrialisation_rail_vapeur | guerres_entre_deux_guerres,industrialisation_rail_vapeur | guerres_entre_deux_guerres | modernisation_apres_guerre,geometrie_approximative,0.29295608862635,48.7954745243465,aucun_rapprochement_requis_a_ce_stade,https://inventaire-patrimoine.normandie.fr/dossier/e0e8ddd7-0a8d-420a-b2a0-c7b36a58eb43
IA00060915,pilote_30,enrichi_socle_v1,site_pilote_valide,2c664ed5-7ee5-4315-aa61-e9b9032b56c0,filature de coton dite filature de la Planchette,Saint-Georges-des-Groseillers,61391,,Planchette (La),filature,filature_textile,textile_habillement_cuir,filature,industrialisation_rail_vapeur | guerres_entre_deux_guerres,industrialisation_rail_vapeur | guerres_entre_deux_guerres,geometrie_approximative,-0.5743152336616424,48.76742714744118,aucun_rapprochement_requis_a_ce_stade,https://inventaire-patrimoine.normandie.fr/dossier/1bdffde4-d1d1-4484-82e5-ec184ae83404
IA00060938,pilote_30,enrichi_socle_v1,site_pilote_valide,2b6d576e-11fb-4af4-85ba-dc1b950a731d,centrale hydroélectrique,Rabodanges,61340,,Plessis (Le),centrale hydroélectrique,production_hydroelectricite,energie,centrale_hydroelectrique,modernisation_apres_guerre,modernisation_apres_guerre,geometrie_approximative,-0.2965698588180073,48.78773387593912,aucun_rapprochement_requis_a_ce_stade,https://inventaire-patrimoine.normandie.fr/dossier/607486b0-aec7-439d-8c60-2373ec8c3772
IA00060959,pilote_30,enrichi_socle_v1,site_pilote_valide,3c95b12b-1cb8-4439-a0d9-60152e8a327f,usine de fabrication des métaux,Saint-Denis-sur-Sarthon,61382,,Forge (La),usine de fabrication des métaux,fabrication_metaux,metallurgie_travail_metaux,usine,avant_1789 | industrialisation_rail_vapeur,avant_1789 | industrialisation_rail_vapeur,geometrie_approximative,-0.05470964099131984,48.46276650506727,aucun_rapprochement_requis_a_ce_stade,https://inventaire-patrimoine.normandie.fr/dossier/b9ab38fb-7d71-443c-890a-c0fdb7018dd9
IA00060965,pilote_30,enrichi_socle_v1,site_pilote_valide,d7b0b9b0-6817-4057-8535-3ce9b61ed857,"affinerie, moulin à blé",Champsecret,61091,,Forge (La),affinerie | moulin à blé,affinage_metaux | mouture_cereales,agroalimentaire | metallurgie_travail_metaux,affinerie | moulin,avant_1789 | revolution_premiere_industrialisation | industrialisation_rail_vapeur,avant_1789 | revolution_premiere_industrialisation | industrialisation_rail_vapeur,geometrie_approximative,-0.5486016317751446,48.5986464736866,aucun_rapprochement_requis_a_ce_stade,https://inventaire-patrimoine.normandie.fr/dossier/22eb353c-b259-4251-945e-69fd4ae03831
IA00060969,pilote_30,enrichi_socle_v1,site_pilote_valide,4b0fcc92-f32b-4040-ae5d-32a4945b176a,"moulin à farine dit moulin d'Ozé, puis filature d'Ozé, puis usine de matériel électroménager Moulinex",Alençon,61001,Mamers (rue de) 25,,moulin à farine | filature | usine de matériel électroménager,mouture_cereales | filature_textile | fabrication_materiel_electrique,agroalimentaire | mecanique_electrique | textile_habillement_cuir,filature | moulin | usine,revolution_premiere_industrialisation | industrialisation_rail_vapeur | guerres_entre_deux_guerres,revolution_premiere_industrialisation | industrialisation_rail_vapeur | guerres_entre_deux_guerres | modernisation_apres_guerre,geometrie_approximative,0.10079551488612261,48.41863958530717,aucun_rapprochement_requis_a_ce_stade,https://inventaire-patrimoine.normandie.fr/dossier/9ae3477c-3f66-4615-986f-37f6b872f25f
IA00060997,pilote_30,enrichi_socle_v1,site_pilote_valide,0f433fbc-09eb-42de-ba2f-75eec5c7a050,faïencerie,Saint-Denis-sur-Sarthon,61382,,,faïencerie,fabrication_ceramique,verre_ceramique_materiaux_construction,faiencerie,avant_1789,avant_1789,geometrie_approximative,-0.04466949682273202,48.4574697462757,aucun_rapprochement_requis_a_ce_stade,https://inventaire-patrimoine.normandie.fr/dossier/a3c6988d-4dec-4f14-a75a-214154b55d2a
IA00061002,pilote_30,enrichi_socle_v1,site_pilote_valide,f7b9e26f-4dd7-428f-a7e8-659c432904af,imprimerie Alençonnaise,Alençon,61001,Poulet Malassis (place) 19,,imprimerie,imprimerie,bois_papier_imprimerie,imprimerie,industrialisation_rail_vapeur | guerres_entre_deux_guerres | modernisation_apres_guerre,industrialisation_rail_vapeur | guerres_entre_deux_guerres | modernisation_apres_guerre,geometrie_approximative,0.08865273502274014,48.432512077974245,aucun_rapprochement_requis_a_ce_stade,https://inventaire-patrimoine.normandie.fr/dossier/412bdd9c-fba0-4186-a292-cdce3d04da94
IA00061003,pilote_30,enrichi_socle_v1,site_pilote_valide,04264fa9-c2d1-4d5e-b709-bdb1d3836a9b,four à chaux,Les Rotours,61354,,,four à chaux,fabrication_chaux_ciment,verre_ceramique_materiaux_construction,four_chaux,avant_1789 | revolution_premiere_industrialisation,avant_1789 | revolution_premiere_industrialisation,geometrie_approximative,-0.2611416389081272,48.77974105802658,aucun_rapprochement_requis_a_ce_stade,https://inventaire-patrimoine.normandie.fr/dossier/3b93acab-5a9a-4e6c-ae7d-96d51e5a6e92
IA00061008,pilote_30,enrichi_socle_v1,site_pilote_valide,2bcf41f5-1242-46d9-9809-8fff7fbdae14,usine d'extraction dite Mine de Halouze,Saint-Clair-de-Halouze,61376,,Puits 2 (Le),usine d'extraction,extraction_miniere,extraction,usine_extraction,industrialisation_rail_vapeur | guerres_entre_deux_guerres | modernisation_apres_guerre,industrialisation_rail_vapeur | guerres_entre_deux_guerres | modernisation_apres_guerre,geometrie_approximative,-0.6186115235885614,48.690929837651005,aucun_rapprochement_requis_a_ce_stade,https://inventaire-patrimoine.normandie.fr/dossier/dd0c25a9-e2ed-4615-b008-b03551f35864
IA00061029,pilote_30,enrichi_socle_v1,site_pilote_valide,43d7512d-7196-4864-bc90-64b3b3474bce,affinerie,Aube,61008,,Forge (La),affinerie,affinage_metaux | forgeage,metallurgie_travail_metaux,affinerie | forge,avant_1789 | revolution_premiere_industrialisation | industrialisation_rail_vapeur | guerres_entre_deux_guerres,avant_1789 | revolution_premiere_industrialisation | industrialisation_rail_vapeur,geometrie_approximative,0.5526895033235633,48.74212960732837,aucun_rapprochement_requis_a_ce_stade,https://inventaire-patrimoine.normandie.fr/dossier/9354356d-808f-412a-95b3-2dc2b2c99cdc
IA00061035,pilote_30,enrichi_socle_v1,site_pilote_valide,980da487-203e-40ae-9c1d-cea503be1860,filature des Roches,Saint-Pierre-du-Regard,61447,,,filature,filature_textile,textile_habillement_cuir,filature,revolution_premiere_industrialisation | industrialisation_rail_vapeur,revolution_premiere_industrialisation | industrialisation_rail_vapeur,geometrie_approximative,-0.5113380588965798,48.847518905647895,aucun_rapprochement_requis_a_ce_stade,https://inventaire-patrimoine.normandie.fr/dossier/e12635a5-8541-4da5-b4ba-5972bd0fa103
IA00061052,pilote_30,enrichi_socle_v1,site_pilote_valide,314bf742-7125-4c6c-a4bd-26d6a047a9b1,"tannerie, usine de construction mécanique",L'Aigle,61214,Tanneurs (rue des) 12,,tannerie | usine de construction mécanique,tannerie_cuir | construction_mecanique,mecanique_electrique | textile_habillement_cuir,tannerie | usine,revolution_premiere_industrialisation | industrialisation_rail_vapeur | modernisation_apres_guerre,modernisation_apres_guerre,geometrie_approximative,0.6256774049932438,48.765865137537546,aucun_rapprochement_requis_a_ce_stade,https://inventaire-patrimoine.normandie.fr/dossier/e23c856b-49bd-4bee-936b-d71617af3d3c
IA00061054,pilote_30,enrichi_socle_v1,site_pilote_valide,3d44d08b-e70d-4622-9387-a7538d86be3f,usine d'habillement,L'Aigle,61214,Louis Pasteur (rue) 7,,usine d'habillement,confection_habillement,textile_habillement_cuir,usine,industrialisation_rail_vapeur | guerres_entre_deux_guerres,industrialisation_rail_vapeur | guerres_entre_deux_guerres,geometrie_approximative,0.6241236493911818,48.76262194075353,aucun_rapprochement_requis_a_ce_stade,https://inventaire-patrimoine.normandie.fr/dossier/3df6a5b3-e6ee-419e-b5ec-fb4f19b6384e
IA00061060,pilote_30,enrichi_socle_v1,site_pilote_valide,9435cb9d-0885-4a4b-9834-64e76ac0364b,"moulin à papier, grosse forge",Longny-au-Perche,61230,,Poêlerie (La),moulin à papier | grosse forge,fabrication_papier | forgeage | mouture_cereales | preparation_tan | transformation_lait,agroalimentaire | bois_papier_imprimerie | metallurgie_travail_metaux | textile_habillement_cuir,forge | fromagerie | moulin | papeterie,avant_1789 | revolution_premiere_industrialisation | industrialisation_rail_vapeur | guerres_entre_deux_guerres | modernisation_apres_guerre,avant_1789 | revolution_premiere_industrialisation | industrialisation_rail_vapeur,geometrie_approximative,0.7279717640432808,48.50400601367125,aucun_rapprochement_requis_a_ce_stade,https://inventaire-patrimoine.normandie.fr/dossier/632379b8-efd3-4598-a3d3-258d1ba55691
IA00061073,pilote_30,enrichi_socle_v1,site_pilote_valide,f0bdb9e3-c3bf-41cd-8704-d630daf00661,"scierie Prout, puis Scierie Prout Frères, actuellement Maisons France Confort",Alençon,61001,Ancinnes (route d') 4 à 22,Perseigne (quartier de),scierie,sciage_bois,bois_papier_imprimerie,scierie,industrialisation_rail_vapeur | guerres_entre_deux_guerres | modernisation_apres_guerre,industrialisation_rail_vapeur | guerres_entre_deux_guerres | modernisation_apres_guerre,geometrie_approximative,0.09680089770291367,48.41774961815736,aucun_rapprochement_requis_a_ce_stade,https://inventaire-patrimoine.normandie.fr/dossier/6cd7e92e-7abd-4818-b230-277b63bf11c6
IA00061091,pilote_30,enrichi_socle_v1,site_pilote_valide,8a492a03-5bac-4aa5-b48e-ed37239720e6,moulin à farine,Goulet,61194,,Moulin de Goulet,moulin à farine,mouture_cereales,agroalimentaire,moulin,revolution_premiere_industrialisation,revolution_premiere_industrialisation,geometrie_approximative,-0.06584261377186915,48.73816463006711,aucun_rapprochement_requis_a_ce_stade,https://inventaire-patrimoine.normandie.fr/dossier/d04cb8f5-635e-4bf1-abc2-f4441b675c23
IA00061095,pilote_30,enrichi_socle_v1,site_pilote_valide,82718138-99cb-45fb-a081-95b61c5dce48,briqueterie,L'Hôme-Chamondot,61206,,Chauffetières (Les),briqueterie,fabrication_briques,verre_ceramique_materiaux_construction,briqueterie,mutations_reconversions,mutations_reconversions,geometrie_approximative,0.7152285849659745,48.614992408344285,aucun_rapprochement_requis_a_ce_stade,https://inventaire-patrimoine.normandie.fr/dossier/061971a0-e7ce-4ace-be21-d4b6f8aa2705
IA00061113,pilote_30,enrichi_socle_v1,site_pilote_valide,be1c19ae-3062-4f64-b8db-602ab713f052,"laminoir, usine de quincaillerie dite usine de la Batterie",Saint-Sulpice-sur-Risle,61456,,Moulin à Tan (Le),laminoir | usine de quincaillerie,laminage_metaux | fabrication_quincaillerie,metallurgie_travail_metaux,laminoir | usine,revolution_premiere_industrialisation | industrialisation_rail_vapeur | guerres_entre_deux_guerres | modernisation_apres_guerre,revolution_premiere_industrialisation | industrialisation_rail_vapeur,geometrie_approximative,0.648168264558847,48.77481321857863,aucun_rapprochement_requis_a_ce_stade,https://inventaire-patrimoine.normandie.fr/dossier/85be1da1-cd39-444b-bab2-2219605d469c
IA00061117,pilote_30,enrichi_socle_v1,site_pilote_valide,af60a402-a20e-4cca-b3c9-a81921d4e2e8,briqueterie Saint-Martin,Argentan,61006,,Sainte-Anne,briqueterie,fabrication_briques,verre_ceramique_materiaux_construction,briqueterie,industrialisation_rail_vapeur | guerres_entre_deux_guerres,industrialisation_rail_vapeur | guerres_entre_deux_guerres,geometrie_approximative,-0.037485884350861635,48.75668430101197,aucun_rapprochement_requis_a_ce_stade,https://inventaire-patrimoine.normandie.fr/dossier/90ded92e-ceb4-42bd-8d71-67e5ae24dd36
IA00061119,pilote_30,enrichi_socle_v1,site_pilote_valide,687037bf-bf42-4ee7-a5f4-e79d60a38cc1,filature de la Martinique,Athis-de-l'Orne,61007,,Petite Suisse (La),filature,filature_textile,textile_habillement_cuir,filature,revolution_premiere_industrialisation | industrialisation_rail_vapeur | guerres_entre_deux_guerres | modernisation_apres_guerre,revolution_premiere_industrialisation | industrialisation_rail_vapeur | guerres_entre_deux_guerres | modernisation_apres_guerre,geometrie_approximative,-0.5264803216151851,48.8263948592895,aucun_rapprochement_requis_a_ce_stade,https://inventaire-patrimoine.normandie.fr/dossier/b0d5ba20-5410-4029-a240-8f1d3c45de1a
IA00061133,pilote_30,enrichi_socle_v1,site_pilote_valide,ca91c449-cb94-4c38-a230-023dbec512cd,"laiterie industrielle, fromagerie industrielle dite laiterie fromagerie Lavalou",Le Bourg-Saint-Léonard,61057,,,laiterie industrielle | fromagerie industrielle,transformation_lait | transformation_lait,agroalimentaire,fromagerie | laiterie,industrialisation_rail_vapeur | guerres_entre_deux_guerres | modernisation_apres_guerre | mutations_reconversions,industrialisation_rail_vapeur | guerres_entre_deux_guerres,geometrie_approximative,0.10359277019030935,48.76502373879208,aucun_rapprochement_requis_a_ce_stade,https://inventaire-patrimoine.normandie.fr/dossier/a49b849a-2c3f-43da-ba37-1654a0828017
IA00061135,pilote_30,enrichi_socle_v1,site_pilote_valide,2f3e86c1-08b4-4131-9a06-8f30764843cb,fonderies du Perche,Irai,61208,,Cernetterie (La),fonderie,fonderie,metallurgie_travail_metaux,fonderie,industrialisation_rail_vapeur | guerres_entre_deux_guerres,industrialisation_rail_vapeur | guerres_entre_deux_guerres,geometrie_approximative,0.6740319616145599,48.65300669671029,aucun_rapprochement_requis_a_ce_stade,https://inventaire-patrimoine.normandie.fr/dossier/a5bef7bf-b391-44f0-b9fe-2a4e452370d4
IA00061147,pilote_30,enrichi_socle_v1,site_pilote_valide,c528f629-8337-49c9-873c-75ecc067a7a3,cartonnerie,Saint-Langis-lès-Mortagne,61414,,Gare (La),cartonnerie,fabrication_carton,bois_papier_imprimerie,cartonnerie,guerres_entre_deux_guerres | modernisation_apres_guerre,guerres_entre_deux_guerres | modernisation_apres_guerre,geometrie_approximative,0.5490432071424247,48.50881005375055,aucun_rapprochement_requis_a_ce_stade,https://inventaire-patrimoine.normandie.fr/dossier/3624a154-3a9a-40aa-9b62-a284ba7cbb38
IA00061153,pilote_30,enrichi_socle_v1,site_pilote_valide,b1136ddb-9fff-4209-8328-e5caed705388,affinerie dite forge de Beaumont,Longny-au-Perche,61230,,Forge (La),affinerie,affinage_metaux,metallurgie_travail_metaux,affinerie,avant_1789 | revolution_premiere_industrialisation | industrialisation_rail_vapeur,avant_1789 | industrialisation_rail_vapeur,geometrie_approximative,0.7468896435126247,48.51539072960532,aucun_rapprochement_requis_a_ce_stade,https://inventaire-patrimoine.normandie.fr/dossier/451e1db8-8019-43bb-8934-b6a85c84b000
IA00061155,pilote_30,enrichi_socle_v1,site_pilote_valide,890265c5-e62f-45f7-aed2-08fb1814f457,"usine de quincaillerie, tréfilerie dite établissements Bohin",Saint-Sulpice-sur-Risle,61456,,,usine de quincaillerie | tréfilerie,fabrication_quincaillerie | trefilage_metaux,metallurgie_travail_metaux,usine,revolution_premiere_industrialisation,revolution_premiere_industrialisation | industrialisation_rail_vapeur | guerres_entre_deux_guerres,geometrie_approximative,0.6568775300978867,48.77913238860982,aucun_rapprochement_requis_a_ce_stade,https://inventaire-patrimoine.normandie.fr/dossier/8e086fa2-48a8-45f7-bd02-99d65e20eb6a
IA00061166,pilote_30,enrichi_socle_v1,site_pilote_valide,35c5c701-5158-4714-aa11-6946f7fae290,cidrerie distillerie dite cidrerie distillerie Pépin,Écouché,61153,"Général de Gaulle (avenue du) 5, 9",,cidrerie | distillerie,production_cidre | distillation_alimentaire,agroalimentaire,cidrerie | distillerie,industrialisation_rail_vapeur | guerres_entre_deux_guerres | modernisation_apres_guerre | mutations_reconversions,industrialisation_rail_vapeur | guerres_entre_deux_guerres | modernisation_apres_guerre,geometrie_approximative,-0.12137461962188618,48.71420362780827,aucun_rapprochement_requis_a_ce_stade,https://inventaire-patrimoine.normandie.fr/dossier/a1a400fd-3841-4653-a97b-df83a755edee
IA00060886,phase8_lot1_50,structure_classee_a_enrichir,site_provisoire_lot1_valide,,scierie de Saint-Evroult,Saint-Evroult-Notre-Dame-du-Bois,61386,,,scierie,sciage_bois,bois_papier_imprimerie,scierie,,industrialisation_rail_vapeur,source_non_controlee,0.4678298343674747,48.7839395005013,aucun_rapprochement_requis_a_ce_stade,https://inventaire-patrimoine.normandie.fr/dossier/ac551034-af77-49ae-b783-93b8082f3fb2
IA00060892,phase8_lot1_50,structure_classee_a_enrichir,site_provisoire_lot1_valide,,filature de coton,Ménil-Hubert-sur-Orne,61269,,Bateau (Le),filature,filature_textile,textile_habillement_cuir,filature,,industrialisation_rail_vapeur | guerres_entre_deux_guerres | modernisation_apres_guerre,source_non_controlee,-0.397570969637022,48.85651269472857,aucun_rapprochement_requis_a_ce_stade,https://inventaire-patrimoine.normandie.fr/dossier/56f6086f-45f4-4898-a92d-01c3877e751a
IA00060899,phase8_lot1_50,structure_classee_a_enrichir,site_provisoire_lot1_valide,,haut fourneau,Rânes,61344,,Fourneau (Le),haut fourneau,production_fonte,metallurgie_travail_metaux,haut_fourneau,,avant_1789,source_non_controlee,-0.21143545726767699,48.62191705928494,aucun_rapprochement_requis_a_ce_stade,https://inventaire-patrimoine.normandie.fr/dossier/241fb84d-5d76-4ec3-9868-368485c43bbc
IA00060907,phase8_lot1_50,structure_classee_a_enrichir,site_provisoire_lot1_valide,,usine de confection,Flers,61169,11e Division Britannique (rue de la) 33,,usine de confection,confection_habillement,textile_habillement_cuir,usine,,guerres_entre_deux_guerres | modernisation_apres_guerre,source_non_controlee,-0.5697684690933215,48.751537545057566,aucun_rapprochement_requis_a_ce_stade,https://inventaire-patrimoine.normandie.fr/dossier/b03e3c23-feab-4456-bf5c-3902b8bb7488
IA00060914,phase8_lot1_50,structure_classee_a_enrichir,site_provisoire_lot1_valide,,tissage (tissage de Coton) dit tissage de la Blanchardière,Flers,61169,Durmeyer (rue) 16,,tissage,tissage,textile_habillement_cuir,tissage,,industrialisation_rail_vapeur | guerres_entre_deux_guerres | modernisation_apres_guerre,source_non_controlee,-0.5761359134633843,48.742928798775004,aucun_rapprochement_requis_a_ce_stade,https://inventaire-patrimoine.normandie.fr/dossier/83cddd58-ad05-4930-98cc-fdfad6dd518d
IA00060920,phase8_lot1_50,structure_classee_a_enrichir,site_provisoire_lot1_valide,,scierie,Saint-Germain-de-Clairefeuille,61393,,Scierie (La),scierie,sciage_bois,bois_papier_imprimerie,scierie,,guerres_entre_deux_guerres | modernisation_apres_guerre,source_non_controlee,0.23551638196666144,48.73046090546557,aucun_rapprochement_requis_a_ce_stade,https://inventaire-patrimoine.normandie.fr/dossier/9ec3d6b1-bf68-4db3-8138-ef1366985e52
IA00060926,phase8_lot1_50,structure_classee_a_enrichir,site_provisoire_lot1_valide,,"usine de ferblanterie, usine de serrurerie",Tinchebray,61486,"Porets (rue au) 11, 13",,usine de ferblanterie | usine de serrurerie,fabrication_metaux | fabrication_quincaillerie,metallurgie_travail_metaux,usine,,industrialisation_rail_vapeur,source_non_controlee,-0.7273491653432106,48.76397087591518,aucun_rapprochement_requis_a_ce_stade,https://inventaire-patrimoine.normandie.fr/dossier/eaea568b-7601-4bdf-8f38-5fadccbc4d80
IA00060932,phase8_lot1_50,structure_classee_a_enrichir,site_provisoire_lot1_valide,,usine de confection,Flers,61169,Boule (rue de la) 80,,usine de confection,confection_habillement,textile_habillement_cuir,usine,,guerres_entre_deux_guerres | modernisation_apres_guerre,source_non_controlee,-0.5714601218313395,48.753575680223996,aucun_rapprochement_requis_a_ce_stade,https://inventaire-patrimoine.normandie.fr/dossier/6017fa46-e6f0-4085-8760-68bb54cfc44d
IA00060939,phase8_lot1_50,structure_classee_a_enrichir,site_provisoire_lot1_valide,,fromagerie industrielle,Le Renouard,61346,,Vignette (La),fromagerie industrielle,transformation_lait,agroalimentaire,fromagerie,,industrialisation_rail_vapeur | guerres_entre_deux_guerres,source_non_controlee,0.08040427513680662,48.92687192121918,aucun_rapprochement_requis_a_ce_stade,https://inventaire-patrimoine.normandie.fr/dossier/fceacf84-952a-4d8d-8db0-efdf2cc7b3ad
IA00060945,phase8_lot1_50,structure_classee_a_enrichir,site_provisoire_lot1_valide,,moulin à farine,Saint-Martin-l'Aiguillon,61427,,Moulin de Crochet (Le),moulin à farine,mouture_cereales,agroalimentaire,moulin,,revolution_premiere_industrialisation,source_non_controlee,-0.16683424539079367,48.60742089732103,aucun_rapprochement_requis_a_ce_stade,https://inventaire-patrimoine.normandie.fr/dossier/c00da04a-cc2a-460e-aced-1c44ff737c01
IA00060950,phase8_lot1_50,structure_classee_a_enrichir,site_provisoire_lot1_valide,,moulin à farine,Macé,61240,,Boue,moulin à farine,mouture_cereales,agroalimentaire,moulin,,industrialisation_rail_vapeur,source_non_controlee,0.10845493725543898,48.65369860837976,aucun_rapprochement_requis_a_ce_stade,https://inventaire-patrimoine.normandie.fr/dossier/fec36c1b-86bf-42e2-857d-559a5ac73865
IA00060956,phase8_lot1_50,structure_classee_a_enrichir,site_provisoire_lot1_valide,,"cidrerie, distillerie puis, laiterie industrielle",Mantilly,61248,,Landes (Les),cidrerie | distillerie | laiterie industrielle,production_cidre | distillation_alimentaire | transformation_lait,agroalimentaire,cidrerie | distillerie | laiterie,,industrialisation_rail_vapeur | guerres_entre_deux_guerres,source_non_controlee,-0.8133125215700684,48.50431194314542,aucun_rapprochement_requis_a_ce_stade,https://inventaire-patrimoine.normandie.fr/dossier/71f0f9d8-3b40-4722-9455-a9d026e77b8d
IA00060963,phase8_lot1_50,structure_classee_a_enrichir,site_provisoire_lot1_valide,,filature,Frênes,61177,,Rosée (La),filature,filature_textile,textile_habillement_cuir,filature,,industrialisation_rail_vapeur,source_non_controlee,-0.6693152669053777,48.78351514221074,aucun_rapprochement_requis_a_ce_stade,https://inventaire-patrimoine.normandie.fr/dossier/17dd6c87-db50-497e-bd9a-e8f9b7666246
IA00060971,phase8_lot1_50,structure_classee_a_enrichir,site_provisoire_lot1_valide,,tannerie,Alençon,61001,Val Noble (rue du) 17,,tannerie,tannerie_cuir,textile_habillement_cuir,tannerie,,industrialisation_rail_vapeur,source_non_controlee,0.08461441945076252,48.42946905167175,aucun_rapprochement_requis_a_ce_stade,https://inventaire-patrimoine.normandie.fr/dossier/bded1cd2-48ee-484c-8700-97e411bf750f
IA00060977,phase8_lot1_50,structure_classee_a_enrichir,site_provisoire_lot1_valide,,usine liée au travail du bois,Alençon,61001,"Basingstoke (avenue de) 77, 79",,usine liée au travail du bois,travail_bois,bois_papier_imprimerie,usine,,guerres_entre_deux_guerres | modernisation_apres_guerre,source_non_controlee,0.0963187880136845,48.44091023804762,aucun_rapprochement_requis_a_ce_stade,https://inventaire-patrimoine.normandie.fr/dossier/bda44f05-b99e-463b-8019-9347f105f15a
IA00060982,phase8_lot1_50,structure_classee_a_enrichir,site_provisoire_lot1_valide,,tissage,La Ferté-Macé,61168,,Peupliers (Les),tissage,tissage,textile_habillement_cuir,tissage,,industrialisation_rail_vapeur,source_non_controlee,-0.3495214046521591,48.595981457148504,aucun_rapprochement_requis_a_ce_stade,https://inventaire-patrimoine.normandie.fr/dossier/58d400e9-b245-40ac-bdc1-951d33f93f1e
IA00060988,phase8_lot1_50,structure_classee_a_enrichir,site_provisoire_lot1_valide,,usine de matériel d'équipement industriel dite usine Lurem,La Haute-Chapelle,61201,,Petite Forge (La),usine de matériel d'équipement industriel,construction_mecanique,mecanique_electrique,usine,,modernisation_apres_guerre,source_non_controlee,-0.6658745767265201,48.58727413409431,aucun_rapprochement_requis_a_ce_stade,https://inventaire-patrimoine.normandie.fr/dossier/4a1dbf3d-9f32-4083-99ca-b1080b97bbc0
IA00060994,phase8_lot1_50,structure_classee_a_enrichir,site_provisoire_lot1_valide,,usine d'extraction,Chailloué,61081,,,usine d'extraction,extraction_miniere,extraction,usine_extraction,,industrialisation_rail_vapeur | guerres_entre_deux_guerres,source_non_controlee,0.2034939137099191,48.654212408884156,aucun_rapprochement_requis_a_ce_stade,https://inventaire-patrimoine.normandie.fr/dossier/91df8d62-51c0-4bd5-84fc-f99011dfa932
IA00061001,phase8_lot1_50,structure_classee_a_enrichir,site_provisoire_lot1_valide,,usine de chaussures,La Ferté-Macé,61168,Clouet (rue de),,usine de chaussures,fabrication_chaussures,textile_habillement_cuir,usine,,industrialisation_rail_vapeur,source_non_controlee,-0.3607207511111852,48.59008351309217,aucun_rapprochement_requis_a_ce_stade,https://inventaire-patrimoine.normandie.fr/dossier/341e5158-f94c-447e-a785-78ff45bbf74d
IA00061010,phase8_lot1_50,structure_classee_a_enrichir,site_provisoire_lot1_valide,,"moulin à farine, minoterie",Couterne,61135,Petite Vitesse (rue de la),,moulin à farine | minoterie,mouture_cereales | mouture_cereales,agroalimentaire,minoterie | moulin,,industrialisation_rail_vapeur | guerres_entre_deux_guerres,source_non_controlee,-0.4162401728073029,48.50953700369973,aucun_rapprochement_requis_a_ce_stade,https://inventaire-patrimoine.normandie.fr/dossier/0970802c-ec7f-47d3-b927-be99e1eaeddb
IA00061015,phase8_lot1_50,structure_classee_a_enrichir,site_provisoire_lot1_valide,,"moulin à farine, usine de pâte à papier",Mâle,61246,,Moulin de Mâle (Le),moulin à farine | usine de pâte à papier,mouture_cereales | fabrication_papier,agroalimentaire | bois_papier_imprimerie,moulin | usine,,industrialisation_rail_vapeur,source_non_controlee,0.7463952580885334,48.280356930391285,aucun_rapprochement_requis_a_ce_stade,https://inventaire-patrimoine.normandie.fr/dossier/4d921a1e-9cd2-497b-8670-7c168fc7bdbe
IA00061021,phase8_lot1_50,structure_classee_a_enrichir,site_provisoire_lot1_valide,,moulin à farine,Saint-Agnan-sur-Sarthe,61360,,Josselin (Le),moulin à farine,mouture_cereales,agroalimentaire,moulin,,industrialisation_rail_vapeur,source_non_controlee,0.42585583113409775,48.60662982893626,aucun_rapprochement_requis_a_ce_stade,https://inventaire-patrimoine.normandie.fr/dossier/055b4787-db11-470d-9017-4ac147a1be2f
IA00061027,phase8_lot1_50,structure_classee_a_enrichir,site_provisoire_lot1_valide,,"usine de passementerie, usine de chaussures",Beaufai,61032,,Corru,usine de passementerie | usine de chaussures,passementerie | fabrication_chaussures,textile_habillement_cuir,usine,,revolution_premiere_industrialisation | industrialisation_rail_vapeur,source_non_controlee,0.538581723544252,48.74845336435086,aucun_rapprochement_requis_a_ce_stade,https://inventaire-patrimoine.normandie.fr/dossier/8d2fc298-6106-4fb9-ace4-2b7ba53178c4
IA00061037,phase8_lot1_50,structure_classee_a_enrichir,site_provisoire_lot1_valide,,filature,Saint-Pierre-du-Regard,61447,,Champ Ferment (Le),filature,filature_textile,textile_habillement_cuir,filature,,industrialisation_rail_vapeur,source_non_controlee,-0.511061724277782,48.84564556345078,aucun_rapprochement_requis_a_ce_stade,https://inventaire-patrimoine.normandie.fr/dossier/5b097d42-cbe4-4079-b0cc-df7323cc90ad
IA00061043,phase8_lot1_50,structure_classee_a_enrichir,site_provisoire_lot1_valide,,tissage,Flers,61169,Chaussée (rue de la),,tissage,tissage,textile_habillement_cuir,tissage,,industrialisation_rail_vapeur,source_non_controlee,-0.5650301499614981,48.744161485291436,aucun_rapprochement_requis_a_ce_stade,https://inventaire-patrimoine.normandie.fr/dossier/13d93ded-5d35-484d-904a-ffde8bf27a69
IA00061048,phase8_lot1_50,structure_classee_a_enrichir,site_provisoire_lot1_valide,,"fonderie Renaudin, puis Société Nouvelle d'Exploitation Renaudin",Mâle,61246,,Ecu (L'),fonderie,fonderie,metallurgie_travail_metaux,fonderie,,industrialisation_rail_vapeur | guerres_entre_deux_guerres | modernisation_apres_guerre,source_non_controlee,0.7335819048867412,48.27319920455188,aucun_rapprochement_requis_a_ce_stade,https://inventaire-patrimoine.normandie.fr/dossier/fee44f1a-cacf-4e6b-901a-b1db55222375
IA00061056,phase8_lot1_50,structure_classee_a_enrichir,site_provisoire_lot1_valide,,moulin à farine,Crulai,61140,,Moulin du Pont (Le),moulin à farine,mouture_cereales,agroalimentaire,moulin,,industrialisation_rail_vapeur,source_non_controlee,0.6603590709355139,48.7136409659732,aucun_rapprochement_requis_a_ce_stade,https://inventaire-patrimoine.normandie.fr/dossier/78e2022c-4f96-40e7-81f1-d3586ae87247
IA00061063,phase8_lot1_50,structure_classee_a_enrichir,site_provisoire_lot1_valide,,tuilerie,Rémalard,61345,,Tuilerie (La),tuilerie,fabrication_tuiles,verre_ceramique_materiaux_construction,tuilerie,,avant_1789 | revolution_premiere_industrialisation,source_non_controlee,0.7929021288156838,48.44365476582519,aucun_rapprochement_requis_a_ce_stade,https://inventaire-patrimoine.normandie.fr/dossier/40375f0f-d4f0-4478-98ed-f724ad669bc7
IA00061069,phase8_lot1_50,structure_classee_a_enrichir,site_provisoire_lot1_valide,,manufacture et scierie Bellêmoise,Saint-Martin-du-Vieux-Bellême,61426,"Pierre de Romanet (rue) 7, 9",,scierie,sciage_bois,bois_papier_imprimerie,scierie,,industrialisation_rail_vapeur | modernisation_apres_guerre,source_non_controlee,0.5425993766308884,48.38036350149532,aucun_rapprochement_requis_a_ce_stade,https://inventaire-patrimoine.normandie.fr/dossier/cf003820-a2b8-4a09-8b4d-72a383e46fc0
IA00061076,phase8_lot1_50,structure_classee_a_enrichir,site_provisoire_lot1_valide,,usine de quincaillerie,L'Aigle,61214,,Haies (Les),usine de quincaillerie,fabrication_quincaillerie,metallurgie_travail_metaux,usine,,revolution_premiere_industrialisation | industrialisation_rail_vapeur,source_non_controlee,0.607678653852454,48.75794749939289,aucun_rapprochement_requis_a_ce_stade,https://inventaire-patrimoine.normandie.fr/dossier/15df09f0-5249-4691-8e4d-f38157baead0
IA00061081,phase8_lot1_50,structure_classee_a_enrichir,site_provisoire_lot1_valide,,"moulin à farine dit moulin de Feugeroux, puis Tréfilerie Bigot",Sainte-Gauburge-Sainte-Colombe,61389,,,moulin à farine,mouture_cereales,agroalimentaire,moulin,,industrialisation_rail_vapeur,source_non_controlee,0.4312003788984675,48.710104766955084,aucun_rapprochement_requis_a_ce_stade,https://inventaire-patrimoine.normandie.fr/dossier/4a78fd5d-d20b-4fbb-9b93-aa0709df8e65
IA00061087,phase8_lot1_50,structure_classee_a_enrichir,site_provisoire_lot1_valide,,haut fourneau de la Roche,Livaie,61228,,Fourneau (Le),haut fourneau,production_fonte,metallurgie_travail_metaux,haut_fourneau,,revolution_premiere_industrialisation | industrialisation_rail_vapeur,source_non_controlee,-0.046821074031807575,48.48427894177562,aucun_rapprochement_requis_a_ce_stade,https://inventaire-patrimoine.normandie.fr/dossier/f271b311-4b6e-4234-8fb7-30ba3e51c803
IA00061094,phase8_lot1_50,structure_classee_a_enrichir,site_provisoire_lot1_valide,,affinerie dite forge de Gaillon,Randonnai,61343,,Gaillons (Les),affinerie,affinage_metaux,metallurgie_travail_metaux,affinerie,,avant_1789 | revolution_premiere_industrialisation,source_non_controlee,0.6638519922633122,48.64617543456002,aucun_rapprochement_requis_a_ce_stade,https://inventaire-patrimoine.normandie.fr/dossier/1605cad5-d82b-4326-a5af-8d2913739cde
IA00061101,phase8_lot1_50,structure_classee_a_enrichir,site_provisoire_lot1_valide,,"haut fourneau, moulin à blé",Tourouvre,61491,,Fonte (La),haut fourneau | moulin à blé,production_fonte | mouture_cereales,agroalimentaire | metallurgie_travail_metaux,haut_fourneau | moulin,,avant_1789 | revolution_premiere_industrialisation | industrialisation_rail_vapeur,source_non_controlee,0.6976500149012115,48.58081738559075,aucun_rapprochement_requis_a_ce_stade,https://inventaire-patrimoine.normandie.fr/dossier/84eaa0bf-354c-4c01-bc30-929f562b2b7c
IA00061107,phase8_lot1_50,structure_classee_a_enrichir,site_provisoire_lot1_valide,,"moulin à farine, minoterie",Bivilliers,61045,,Peltrie (La),moulin à farine | minoterie,mouture_cereales | mouture_cereales,agroalimentaire,minoterie | moulin,,industrialisation_rail_vapeur | guerres_entre_deux_guerres | mutations_reconversions,source_non_controlee,0.6134958546227796,48.57833108312378,aucun_rapprochement_requis_a_ce_stade,https://inventaire-patrimoine.normandie.fr/dossier/df941cfb-6758-48e8-937f-62020b560891
IA00061112,phase8_lot1_50,structure_classee_a_enrichir,site_provisoire_lot1_valide,,haut fourneau,Longny-au-Perche,61230,,Rainville,haut fourneau,production_fonte,metallurgie_travail_metaux,haut_fourneau,,avant_1789 | revolution_premiere_industrialisation | industrialisation_rail_vapeur,source_non_controlee,0.7707042356303826,48.54435866695,aucun_rapprochement_requis_a_ce_stade,https://inventaire-patrimoine.normandie.fr/dossier/f7f9721f-8fbf-46cb-b669-93dc5606b248
IA00061121,phase8_lot1_50,structure_classee_a_enrichir,site_provisoire_lot1_valide,,filature,Athis-de-l'Orne,61007,,Réservoir (Le),filature,filature_textile,textile_habillement_cuir,filature,,industrialisation_rail_vapeur | guerres_entre_deux_guerres | modernisation_apres_guerre,source_non_controlee,-0.5294009951014579,48.82402201932426,aucun_rapprochement_requis_a_ce_stade,https://inventaire-patrimoine.normandie.fr/dossier/be32a865-e7dd-4406-9826-f6167f92efc4
IA00061127,phase8_lot1_50,structure_classee_a_enrichir,site_provisoire_lot1_valide,,usine de matériel électroménager dite usine Moulinex,Argentan,61006,Commerce (rue du) 25,,usine de matériel électroménager,fabrication_materiel_electrique,mecanique_electrique,usine,,modernisation_apres_guerre,source_non_controlee,-0.02931933161975004,48.73419203382837,aucun_rapprochement_requis_a_ce_stade,https://inventaire-patrimoine.normandie.fr/dossier/1b8c5ef7-d2e9-44f9-afbc-1d714f6675e7
IA00061134,phase8_lot1_50,structure_classee_a_enrichir,site_provisoire_lot1_valide,,usine de fabrication des métaux,Boucé,61055,,Grosse Forge,usine de fabrication des métaux,fabrication_metaux,metallurgie_travail_metaux,usine,,avant_1789,source_non_controlee,-0.08500658671227664,48.647494988750886,aucun_rapprochement_requis_a_ce_stade,https://inventaire-patrimoine.normandie.fr/dossier/8769226f-24f3-4898-8664-bb903cd2e237
IA00061141,phase8_lot1_50,structure_classee_a_enrichir,site_provisoire_lot1_valide,,moulin à papier,Saint-Victor-de-Réno,61458,,Moulin-Neuf (Le),moulin à papier,fabrication_papier,bois_papier_imprimerie,papeterie,,revolution_premiere_industrialisation | guerres_entre_deux_guerres | modernisation_apres_guerre,source_non_controlee,0.7033964120834467,48.509149236547636,aucun_rapprochement_requis_a_ce_stade,https://inventaire-patrimoine.normandie.fr/dossier/bf1fdc43-1afc-45d1-876a-bdec4cb71c0a
IA00061146,phase8_lot1_50,structure_classee_a_enrichir,site_provisoire_lot1_valide,,"moulin à foulon, tréfilerie",Vitrai-sous-Laigle,61510,,Moulin de la Foulerie (Le),moulin à foulon | tréfilerie,foulage_textile | trefilage_metaux,metallurgie_travail_metaux | textile_habillement_cuir,moulin | usine,,revolution_premiere_industrialisation | industrialisation_rail_vapeur,source_non_controlee,0.6969182667224482,48.730701950630184,aucun_rapprochement_requis_a_ce_stade,https://inventaire-patrimoine.normandie.fr/dossier/d89c08a5-24d5-41d5-a5cd-68ea0f8760df
IA00061154,phase8_lot1_50,structure_classee_a_enrichir,site_provisoire_lot1_valide,,"tréfilerie, usine de quincaillerie",Saint-Sulpice-sur-Risle,61456,,Fosse (La),tréfilerie | usine de quincaillerie,trefilage_metaux | fabrication_quincaillerie,metallurgie_travail_metaux,usine,,revolution_premiere_industrialisation | industrialisation_rail_vapeur,source_non_controlee,0.6433651547612741,48.76963473306186,aucun_rapprochement_requis_a_ce_stade,https://inventaire-patrimoine.normandie.fr/dossier/1d238529-8f37-4a77-af3f-bde40720b882
IA00061161,phase8_lot1_50,structure_classee_a_enrichir,site_provisoire_lot1_valide,,moulin à papier,Canapville,61072,,,moulin à papier,fabrication_papier,bois_papier_imprimerie,papeterie,,industrialisation_rail_vapeur,source_non_controlee,0.2636746919300669,48.958930064153925,aucun_rapprochement_requis_a_ce_stade,https://inventaire-patrimoine.normandie.fr/dossier/997fbf0b-081a-41ca-afc1-ec45e05f3a54
IA00061168,phase8_lot1_50,structure_classee_a_enrichir,site_provisoire_lot1_valide,,moulin à farine,Nonant-le-Pin,61310,,Moulin Girou (Le),moulin à farine,mouture_cereales,agroalimentaire,moulin,,industrialisation_rail_vapeur,source_non_controlee,0.19820159126116538,48.70304053030052,aucun_rapprochement_requis_a_ce_stade,https://inventaire-patrimoine.normandie.fr/dossier/9850ea9f-77d8-4d11-9179-067c3047291f
IA00061174,phase8_lot1_50,structure_classee_a_enrichir,site_provisoire_lot1_valide,,"fenderie, moulin à blé",Montmerrei,61288,,Fenderie (La),fenderie | moulin à blé,fabrication_metaux | mouture_cereales,agroalimentaire | metallurgie_travail_metaux,moulin | usine,,avant_1789 | revolution_premiere_industrialisation,source_non_controlee,0.04187099004780732,48.61627477352811,aucun_rapprochement_requis_a_ce_stade,https://inventaire-patrimoine.normandie.fr/dossier/ad7f8666-1272-420a-bfef-208adc638206
IA00061179,phase8_lot1_50,structure_classee_a_enrichir,site_provisoire_lot1_valide,,imprimerie,Flers,61169,Jules Gevelot (rue) 24,,imprimerie,imprimerie,bois_papier_imprimerie,imprimerie,,industrialisation_rail_vapeur,source_non_controlee,-0.5715954614258228,48.75117676630784,aucun_rapprochement_requis_a_ce_stade,https://inventaire-patrimoine.normandie.fr/dossier/f0494843-26ec-42e0-bbf4-8080825095af
IA00061185,phase8_lot1_50,structure_classee_a_enrichir,site_provisoire_lot1_valide,,"distillerie, cidrerie",Gacé,61181,,Rançonnières (Les),distillerie | cidrerie,distillation_alimentaire | production_cidre,agroalimentaire,cidrerie | distillerie,,industrialisation_rail_vapeur | guerres_entre_deux_guerres,source_non_controlee,0.2991033520069833,48.784346898685136,aucun_rapprochement_requis_a_ce_stade,https://inventaire-patrimoine.normandie.fr/dossier/2d0b8b65-128a-41b8-84ea-f7e285191de0
IA00061191,phase8_lot1_50,structure_classee_a_enrichir,site_provisoire_lot1_valide,,tissage,Saint-Georges-des-Groseillers,61391,,Tremblay (Le),tissage,tissage,textile_habillement_cuir,tissage,,industrialisation_rail_vapeur | guerres_entre_deux_guerres,source_non_controlee,-0.5768761559617352,48.75353050958973,aucun_rapprochement_requis_a_ce_stade,https://inventaire-patrimoine.normandie.fr/dossier/7d8065d7-1e45-4b91-a03a-de2e1cff3468
IA00061197,phase8_lot1_50,structure_classee_a_enrichir,site_provisoire_lot1_valide,,tuilerie,Trun,61494,,Grandes Crouttes (Les),tuilerie,fabrication_tuiles,verre_ceramique_materiaux_construction,tuilerie,,industrialisation_rail_vapeur,source_non_controlee,0.062441089962588875,48.855627373924115,aucun_rapprochement_requis_a_ce_stade,https://inventaire-patrimoine.normandie.fr/dossier/82ece625-4edb-4a32-9547-9305a585b7d1
IA00061203,phase8_lot1_50,structure_classee_a_enrichir,site_provisoire_lot1_valide,,moulin à farine,Domfront,61145,Notre-Dame,,moulin à farine,mouture_cereales,agroalimentaire,moulin,,industrialisation_rail_vapeur,source_non_controlee,-0.6567598422047569,48.591642955407615,aucun_rapprochement_requis_a_ce_stade,https://inventaire-patrimoine.normandie.fr/dossier/5f52703f-f04a-4fcb-ae05-4d0e785b38f7
